,id,text
0,22510243,03 QUARTER SLEEVE 1PULL ON 2KNEE LENGTH 3REGULAR FIT 4PLAIN 2KNEE LENGTH 6ROUND NECK 7UNLINED 8POLYESTER 9BLACK 5TUNICS 4.94
1,60133055,0LONG SLEEVE 1TIE FASTENING 2KNEE LENGTH 3REGULAR FIT 4PLAIN 2KNEE LENGTH 6COLLARED NECK 7UNLINED 8POLYESTER 9BLACK 5TUNICS 11.4
2,60133079,0LONG SLEEVE 1PULL ON 2MAXI 3REGULAR FIT 4PLAIN 2MAXI 6TURTLE NECK 7UNLINED 8VISCOSE MIX 9BLACK 5SLIP DRESS 15.07
3,60133099,0SLEEVELESS 1BACK ZIP FASTENING 2MIDI 3REGULAR FIT 4PLAIN 2MIDI 6ROUND NECK 7UNLINED 8VISCOSE 9DUSTED PINK 5TUNICS 15.01
4,60133100,0SLEEVELESS 1BACK ZIP FASTENING 2MIDI 3REGULAR FIT 4PLAIN 2MIDI 6ROUND NECK 7UNLINED 8VISCOSE 9NAVY 5TUNICS 12.73
5,60134677,0LONG SLEEVE 1BACK BUTTON FASTENING 2KNEE LENGTH 3REGULAR FIT 4PRINTED 2KNEE LENGTH 6ROUND NECK 7UNLINED 8VISCOSE MIX 9NAVY MIX 5SWING DRESS 5.78
6,60134687,0LONG SLEEVE 1BACK BUTTON FASTENING 2MIDI 3SLIM FIT 4PLAIN 2MIDI 6COWL NECK 7LINED 8JERSEY 9BLUE 5BODYCON DRESS 9.11
7,60134738,03 QUARTER SLEEVE 1BACK BUTTON FASTENING 2KNEE LENGTH 3REGULAR FIT 4PRINTED 2KNEE LENGTH 6ROUND NECK 7UNLINED 8JERSEY 9BLUE MIX 5SWING DRESS 5.78
8,60134749,0SHORT SLEEVE 1BACK BUTTON FASTENING 2KNEE LENGTH 3REGULAR FIT 4PLAIN 2KNEE LENGTH 6SQUARE NECK 7UNLINED 8LINEN MIX 9BLUE 5TUNICS 6.83
9,60134749,0SHORT SLEEVE 1BACK BUTTON FASTENING 2KNEE LENGTH 3REGULAR FIT 4PLAIN 2KNEE LENGTH 6SQUARE NECK 7UNLINED 8LINEN MIX 9BLUE 5TUNICS 6.59
10,60134753,0SLEEVELESS 1BACK BUTTON FASTENING 2KNEE LENGTH 3REGULAR FIT 4PRINTED 2KNEE LENGTH 6ROUND NECK 7UNLINED 8LINEN MIX 9PINK MIX 5TUNICS 4.71
11,60134905,0HALF SLEEVE 1BACK BUTTON FASTENING 2KNEE LENGTH 3REGULAR FIT 4FLORAL 2KNEE LENGTH 6SQUARE NECK 7UNLINED 8LINEN MIX 9IVORY MIX 5TUNICS 6.55
12,60134937,0HALF SLEEVE 1PULL ON 2KNEE LENGTH 3REGULAR FIT 4FLORAL 2KNEE LENGTH 6ROUND NECK 7UNLINED 8LINEN MIX 9BLACK MIX 5TUNICS 11.17
13,60134938,0SHORT SLEEVE 1BACK ZIP FASTENING 2KNEE LENGTH 3SLIM FIT 4PLAIN 2KNEE LENGTH 6V NECK 7LINED 8VISCOSE MIX 9NAVY 5TUNICS 15.25
14,60134951,0SLEEVELESS 1PULL ON 2MAXI 3SLIM FIT 4PRINTED 2MAXI 6V NECK 7UNLINED 8JERSEY 9BLACK MIX 5SLIP DRESS 5.09
15,60134978,0SLEEVELESS 1PULL ON 2MAXI 3REGULAR FIT 4FLORAL 2MAXI 6V NECK 7UNLINED 8JERSEY 9IVORY MIX 5SLIP DRESS 5.09
16,60135005,03 QUARTER SLEEVE 1TIE FASTENING 2MAXI 3REGULAR FIT 4PRINTED 2MAXI 6ROUND NECK 7UNLINED 8POLYESTER 9BLACK MIX 5TUNICS 11.63
17,60135006,0STRAP 1PULL ON 2MAXI 3REGULAR FIT 4STRIPED 2MAXI 6HALTER NECK 7UNLINED 8VISCOSE 9IVORY MIX 5DROP WAIST 10.59
18,60135029,0LONG SLEEVE 1BUTTON THROUGH 2MIDI 3FIT AND FLARE 4PRINTED 2MIDI 6COLLARED NECK 7UNLINED 8POLYESTER 9BLACK MIX 5SHIRT DRESS 13.12
19,60135042,0LONG SLEEVE 1BUTTON THROUGH 2MIDI 3REGULAR FIT 4PRINTED 2MIDI 6COLLARED NECK 7UNLINED 8POLYESTER 9BLACK MIX 5SHIRT DRESS 13.12
20,60135057,0LONG SLEEVE 1PULL ON 2MIDI 3REGULAR FIT 4EMBROIDERED 2MIDI 6V NECK 7UNLINED 8POLYESTER 9BLACK MIX 5TUNICS 12.13
21,60135058,03 QUARTER SLEEVE 1PULL ON 2KNEE LENGTH 3REGULAR FIT 4PRINTED 2KNEE LENGTH 6V NECK 7UNLINED 8POLYESTER 9BLACK MIX 5TUNICS 7.84
22,60135905,0HALF SLEEVE 1TIE FASTENING 2MIDI 3REGULAR FIT 4PRINTED 2MIDI 6V NECK 7UNLINED 8JERSEY 9PURPLE MIX 5WRAP DRESS 11.57
23,60135906,03 QUARTER SLEEVE 1PULL ON 2KNEE LENGTH 3REGULAR FIT 4PRINTED 2KNEE LENGTH 6V NECK 7UNLINED 8COTTON 9GREEN MIX 5TUNICS 10.48
24,60135916,0LONG SLEEVE 1BACK BUTTON FASTENING 2KNEE LENGTH 3SWING FIT 4PRINTED 2KNEE LENGTH 6ROUND NECK 7UNLINED 8JERSEY 9RED MIX 5SWING DRESS 5.78
25,60136114,0LONG SLEEVE 1BACK ZIP FASTENING 2MIDI 3REGULAR FIT 4EMBROIDERED 2MIDI 6ROUND NECK 7REMOVABLE LINING 8POLYESTER 9NAVY MIX 5SKATER DRESS 22.79
26,60137340,0SLEEVELESS 1BACK BUTTON FASTENING 2KNEE LENGTH 3REGULAR FIT 4PLAIN 2KNEE LENGTH 6ROUND NECK 7UNLINED 8LINEN MIX 9NAVY 5TUNICS 5.6
27,60137689,0LONG SLEEVE 1BACK BUTTON FASTENING 2KNEE LENGTH 3REGULAR FIT 4PLAIN 2KNEE LENGTH 6ROUND NECK 7UNLINED 8VISCOSE MIX 9NAVY 5SWING DRESS 4.63
28,60144149,0SHORT SLEEVE 1BACK ZIP FASTENING 2KNEE LENGTH 3SLIM FIT 4PLAIN 2KNEE LENGTH 6V NECK 7LINED 8VISCOSE MIX 9WINTER LIME 5TUNICS 15.25
29,60147631,0LONG SLEEVE 1BACK BUTTON FASTENING 2MIDI 3SLIM FIT 4PRINTED 2MIDI 6COWL NECK 7LINED 8POLYESTER MIX 9IVORY MIX 5BODYCON DRESS 8.87
30,60147632,0LONG SLEEVE 1BACK BUTTON FASTENING 2KNEE LENGTH 3REGULAR FIT 4PRINTED 2KNEE LENGTH 6ROUND NECK 7UNLINED 8VISCOSE MIX 9BLACK MIX 5SWING DRESS 5.78
31,60147639,0CAP SLEEVE 1BACK ZIP FASTENING 2MIDI 3SLIM FIT 4PRINTED 2MIDI 6V NECK 7UNLINED 8POLYESTER MIX 9PURPLE MIX 5BODYCON DRESS 11.98
32,60147679,0LONG SLEEVE 1TIE FASTENING 2KNEE LENGTH 3REGULAR FIT 4PLAIN 2KNEE LENGTH 6COLLARED NECK 7UNLINED 8POLYESTER 9COCOA 5TUNICS 12.44
33,60147680,0LONG SLEEVE 1TIE FASTENING 2KNEE LENGTH 3REGULAR FIT 4PLAIN 2KNEE LENGTH 6COLLARED NECK 7UNLINED 8POLYESTER 9NAVY 5TUNICS 12.44
34,60147681,0LONG SLEEVE 1NA12 2MAXI 3REGULAR FIT 4PLAIN 2MAXI 6ROUND NECK 7UNLINED 8VISCOSE 9WINTER WHITE 5TUNICS 15.38
35,60147682,0SLEEVELESS 1NA12 2MIDI 3REGULAR FIT 4PLAIN 2MIDI 6ROUND NECK 7UNLINED 8VISCOSE 9SAGE 5TUNICS 15.33
36,60147701,0LONG SLEEVE 1BUTTON THROUGH 2MIDI 3REGULAR FIT 4PRINTED 2MIDI 6COLLARED NECK 7UNLINED 8POLYESTER 9NAVY MIX 5SHIRT DRESS 15.33
37,60147704,0LONG SLEEVE 1BUTTON THROUGH 2MIDI 3REGULAR FIT 4STRIPED 2MIDI 6COLLARED NECK 7UNLINED 8POLYESTER 9PINK MIX 5SHIRT DRESS 15.33
38,60147859,0LONG SLEEVE 1PULL ON 2MAXI 3REGULAR FIT 4PLAIN 2MAXI 6TURTLE NECK 7UNLINED 8VISCOSE MIX 9KHAKI 5TUNICS 15.2
39,60147860,0LONG SLEEVE 1PULL ON 2MAXI 3REGULAR FIT 4PLAIN 2MAXI 6TURTLE NECK 7UNLINED 8VISCOSE MIX 9SILVER 5TUNICS 15.2
40,60150888,0SLEEVELESS 1BACK BUTTON FASTENING 2KNEE LENGTH 3REGULAR FIT 4PLAIN 2KNEE LENGTH 6ROUND NECK 7LINED 8LINEN MIX 9IVORY 5TUNICS 5.82
41,60150888,0SLEEVELESS 1BACK BUTTON FASTENING 2KNEE LENGTH 3REGULAR FIT 4PLAIN 2KNEE LENGTH 6ROUND NECK 7LINED 8LINEN MIX 9IVORY 5TUNICS 5.82
42,60150890,0SLEEVELESS 1BACK BUTTON FASTENING 2KNEE LENGTH 3REGULAR FIT 4PLAIN 2KNEE LENGTH 6ROUND NECK 7UNLINED 8LINEN MIX 9YELLOW 5TUNICS 4.22
43,60150915,0SLEEVELESS 1BACK BUTTON FASTENING 2KNEE LENGTH 3REGULAR FIT 4PLAIN 2KNEE LENGTH 6ROUND NECK 7UNLINED 8LINEN MIX 9CHAMBRAY 5TUNICS 4.92
44,60150916,0SLEEVELESS 1BACK BUTTON FASTENING 2KNEE LENGTH 3REGULAR FIT 4PRINTED 2KNEE LENGTH 6ROUND NECK 7LINED 8LINEN MIX 9IVORY MIX 5TUNICS 6.14
45,60150916,0SLEEVELESS 1BACK BUTTON FASTENING 2KNEE LENGTH 3REGULAR FIT 4PRINTED 2KNEE LENGTH 6ROUND NECK 7LINED 8LINEN MIX 9IVORY MIX 5TUNICS 6.14
46,60154441,0SHORT SLEEVE 1BACK BUTTON FASTENING 2KNEE LENGTH 3REGULAR FIT 4PLAIN 2KNEE LENGTH 6ROUND NECK 7UNLINED 8POLYESTER 9BLACK 5TUNICS 5.05
47,60155202,0SLEEVELESS 1BUTTON FASTENING 2MIDI 3REGULAR FIT 4FLORAL 2MIDI 6V NECK 7LINED 8COTTON 9GREEN MIX 5FIT AND FLARE DRESS 13.48
48,60155216,03 QUARTER SLEEVE 1PULL ON 2MIDI 3REGULAR FIT 4PLAIN 2MIDI 6NA8 7UNLINED 8TENCEL 9BLUE 5BARDOT DRESS 11.31
49,60155726,0CAP SLEEVE 1BUTTON AND ZIP FASTENING 2MIDI 3SLIM FIT 4FLORAL 2MIDI 6V NECK 7UNLINED 8POLYESTER MIX 9IVORY MIX 5BODYCON DRESS 12.3
50,60155780,0HALF SLEEVE 1PULL ON 2KNEE LENGTH 3REGULAR FIT 4PLAIN 2KNEE LENGTH 6NA8 7UNLINED 8JERSEY 9BRIGHT BLUE 5BARDOT DRESS 4.47
51,60155780,0HALF SLEEVE 1PULL ON 2KNEE LENGTH 3REGULAR FIT 4PLAIN 2KNEE LENGTH 6NA8 7UNLINED 8JERSEY 9BRIGHT BLUE 5BARDOT DRESS 4.47
52,60155782,0SLEEVELESS 1PULL ON 2MIDI 3LOOSE FIT 4PRINTED 2MIDI 6V NECK 7UNLINED 8VISCOSE 9YELLOW MIX 5SLIP DRESS 5.01
53,60155783,0SLEEVELESS 1PULL ON 2MIDI 3LOOSE FIT 4PLAIN 2MIDI 6V NECK 7UNLINED 8VISCOSE 9FLAME 5SLIP DRESS 4.57
54,60155783,0SLEEVELESS 1PULL ON 2MIDI 3LOOSE FIT 4PLAIN 2MIDI 6V NECK 7UNLINED 8VISCOSE 9FLAME 5SLIP DRESS 4.57
55,60155804,0SLEEVELESS 1BACK BUTTON FASTENING 2KNEE LENGTH 3REGULAR FIT 4PLAIN 2KNEE LENGTH 6ROUND NECK 7UNLINED 8LINEN MIX 9AQUA 5TUNICS 4.36
56,60155804,0SLEEVELESS 1BACK BUTTON FASTENING 2KNEE LENGTH 3REGULAR FIT 4PLAIN 2KNEE LENGTH 6ROUND NECK 7UNLINED 8LINEN MIX 9AQUA 5TUNICS 4.36
57,60155868,0SLEEVELESS 1BACK BUTTON FASTENING 2KNEE LENGTH 3REGULAR FIT 4STRIPED 2KNEE LENGTH 6ROUND NECK 7LINED 8LINEN MIX 9NAVY MIX 5TUNICS 6.39
58,60155868,0SLEEVELESS 1BACK BUTTON FASTENING 2KNEE LENGTH 3REGULAR FIT 4STRIPED 2KNEE LENGTH 6ROUND NECK 7LINED 8LINEN MIX 9NAVY MIX 5TUNICS 6.39
59,60155873,0SLEEVELESS 1BACK BUTTON FASTENING 2KNEE LENGTH 3REGULAR FIT 4PRINTED 2KNEE LENGTH 6ROUND NECK 7UNLINED 8LINEN MIX 9BLACK MIX 5TUNICS 4.69
60,60155876,0SLEEVELESS 1BACK BUTTON FASTENING 2KNEE LENGTH 3REGULAR FIT 4PLAIN 2KNEE LENGTH 6ROUND NECK 7UNLINED 8LINEN MIX 9FLAME 5TUNICS 4.36
61,60155876,0SLEEVELESS 1BACK BUTTON FASTENING 2KNEE LENGTH 3REGULAR FIT 4PLAIN 2KNEE LENGTH 6ROUND NECK 7UNLINED 8LINEN MIX 9FLAME 5TUNICS 4.36
62,60155940,0SLEEVELESS 1BACK BUTTON FASTENING 2KNEE LENGTH 3REGULAR FIT 4PRINTED 2KNEE LENGTH 6ROUND NECK 7UNLINED 8LINEN MIX 9NAVY MIX 5TUNICS 4.69
63,60155942,0SLEEVELESS 1PULL ON 2MIDI 3LOOSE FIT 4PLAIN 2MIDI 6V NECK 7UNLINED 8VISCOSE 9BLACK 5SLIP DRESS 4.57
64,60155942,0SLEEVELESS 1PULL ON 2MIDI 3LOOSE FIT 4PLAIN 2MIDI 6V NECK 7UNLINED 8VISCOSE 9BLACK 5SLIP DRESS 4.57
65,60155967,0HALF SLEEVE 1PULL ON 2KNEE LENGTH 3LOOSE FIT 4PRINTED 2KNEE LENGTH 6NA8 7UNLINED 8JERSEY 9GREEN MIX 5BARDOT DRESS 5.96
66,60155976,0HALF SLEEVE 1PULL ON 2KNEE LENGTH 3REGULAR FIT 4STRIPED 2KNEE LENGTH 6NA8 7UNLINED 8JERSEY 9MULTI 5BARDOT DRESS 5.3
67,60155980,0HALF SLEEVE 1PULL ON 2KNEE LENGTH 3REGULAR FIT 4PLAIN 2KNEE LENGTH 6NA8 7UNLINED 8JERSEY 9FLAME 5BARDOT DRESS 5.96
68,60155989,0HALF SLEEVE 1PULL ON 2KNEE LENGTH 3REGULAR FIT 4PRINTED 2KNEE LENGTH 6NA8 7UNLINED 8VISCOSE MIX 9CORAL MIX 5BARDOT DRESS 5.0
69,60155989,0HALF SLEEVE 1PULL ON 2KNEE LENGTH 3REGULAR FIT 4PRINTED 2KNEE LENGTH 6NA8 7UNLINED 8VISCOSE MIX 9CORAL MIX 5BARDOT DRESS 5.96
70,60155993,0HALF SLEEVE 1PULL ON 2KNEE LENGTH 3REGULAR FIT 4PLAIN 2KNEE LENGTH 6NA8 7UNLINED 8VISCOSE MIX 9BLACK 5BARDOT DRESS 5.96
71,60155993,0HALF SLEEVE 1PULL ON 2KNEE LENGTH 3REGULAR FIT 4PLAIN 2KNEE LENGTH 6NA8 7UNLINED 8VISCOSE MIX 9BLACK 5BARDOT DRESS 5.96
72,60156017,0SLEEVELESS 1PULL ON 2MAXI 3REGULAR FIT 4FLORAL 2MAXI 6V NECK 7UNLINED 8VISCOSE MIX 9NAVY MIX 5NA7 5.09
73,60156018,0SLEEVELESS 1PULL ON 2MAXI 3REGULAR FIT 4PLAIN 2MAXI 6V NECK 7UNLINED 8VISCOSE MIX 9NAVY 5NA7 4.57
74,60156018,0SLEEVELESS 1PULL ON 2MAXI 3REGULAR FIT 4PLAIN 2MAXI 6V NECK 7UNLINED 8VISCOSE MIX 9NAVY 5NA7 4.57
75,60156019,0SLEEVELESS 1PULL ON 2MAXI 3REGULAR FIT 4PRINTED 2MAXI 6V NECK 7UNLINED 8VISCOSE MIX 9CORAL MIX 5NA7 5.09
76,60156021,0SLEEVELESS 1PULL ON 2MAXI 3REGULAR FIT 4PLAIN 2MAXI 6V NECK 7UNLINED 8VISCOSE MIX 9GREEN 5NA7 4.57
77,60156028,0SLEEVELESS 1PULL ON 2MAXI 3REGULAR FIT 4PRINTED 2MAXI 6V NECK 7UNLINED 8JERSEY 9BLACK MIX 5SLIP DRESS 4.92
78,60156028,0SLEEVELESS 1PULL ON 2MAXI 3REGULAR FIT 4PRINTED 2MAXI 6V NECK 7UNLINED 8JERSEY 9BLACK MIX 5SLIP DRESS 5.09
79,60156029,0SLEEVELESS 1PULL ON 2MAXI 3REGULAR FIT 4PLAIN 2MAXI 6V NECK 7UNLINED 8VISCOSE MIX 9KHAKI 5SLIP DRESS 4.57
80,60156063,0SLEEVELESS 1PULL ON 2MIDI 3FIT AND FLARE 4STRIPED 2MIDI 6NA8 7UNLINED 8LINEN MIX 9BLUE 5SKATER DRESS 10.92
81,60156063,0SLEEVELESS 1PULL ON 2MIDI 3FIT AND FLARE 4STRIPED 2MIDI 6NA8 7UNLINED 8LINEN MIX 9BLUE 5SKATER DRESS 10.7
82,60156071,0SLEEVELESS 1PULL ON 2MIDI 3SWING FIT 4PRINTED 2MIDI 6SQUARE NECK 7UNLINED 8LINEN MIX 9YELLOW MIX 5SKATER DRESS 10.31
83,60156071,0SLEEVELESS 1PULL ON 2MIDI 3SWING FIT 4PRINTED 2MIDI 6SQUARE NECK 7UNLINED 8LINEN MIX 9YELLOW MIX 5SKATER DRESS 10.31
84,60156073,0SLEEVELESS 1PULL ON 2MIDI 3LOOSE FIT 4STRIPED 2MIDI 6V NECK 7UNLINED 8LINEN MIX 9MULTI 5SLIP DRESS 12.71
85,60156119,0HALF SLEEVE 1PULL ON 2KNEE LENGTH 3REGULAR FIT 4FLORAL 2KNEE LENGTH 6SQUARE NECK 7UNLINED 8LINEN MIX 9AQUA MIX 5TUNICS 6.55
86,60156119,0HALF SLEEVE 1PULL ON 2KNEE LENGTH 3REGULAR FIT 4FLORAL 2KNEE LENGTH 6SQUARE NECK 7UNLINED 8LINEN MIX 9AQUA MIX 5TUNICS 6.86
87,60156139,0SHORT SLEEVE 1BUTTON FASTENING 2KNEE LENGTH 3REGULAR FIT 4FLORAL 2KNEE LENGTH 6V NECK 7LINED 8POLYESTER MIX 9IVORY MIX 5TEA DRESS 9.75
88,60156145,0SLEEVELESS 1BACK BUTTON FASTENING 2KNEE LENGTH 3REGULAR FIT 4PLAIN 2KNEE LENGTH 6ROUND NECK 7UNLINED 8LINEN MIX 9COBALT 5TUNICS 4.36
89,60156167,0SLEEVELESS 1PULL ON 2MIDI 3SLIM FIT 4PRINTED 2MIDI 6V NECK 7UNLINED 8POLYESTER 9BLACK MIX 5SLIP DRESS 7.34
90,60156168,0SHORT SLEEVE 1BUTTON FASTENING 2KNEE LENGTH 3REGULAR FIT 4FLORAL 2KNEE LENGTH 6V NECK 7UNLINED 8POLYESTER MIX 9NAVY MIX 5TEA DRESS 9.75
91,60156181,0SLEEVELESS 1BACK ZIP FASTENING 2KNEE LENGTH 3REGULAR FIT 4COLOUR BLOCK 2KNEE LENGTH 6ROUND NECK 7LINED 8LINEN MIX 9LIGHT BLUE MIX 5TUNICS 10.33
92,60156181,0SLEEVELESS 1BACK ZIP FASTENING 2KNEE LENGTH 3REGULAR FIT 4COLOUR BLOCK 2KNEE LENGTH 6ROUND NECK 7LINED 8LINEN MIX 9LIGHT BLUE MIX 5TUNICS 10.33
93,60156183,0SLEEVELESS 1BACK ZIP FASTENING 2KNEE LENGTH 3REGULAR FIT 4PRINTED 2KNEE LENGTH 6ROUND NECK 7LINED 8LINEN MIX 9RED MIX 5TUNICS 10.33
94,60156183,0SLEEVELESS 1BACK ZIP FASTENING 2KNEE LENGTH 3REGULAR FIT 4PRINTED 2KNEE LENGTH 6ROUND NECK 7LINED 8LINEN MIX 9RED MIX 5TUNICS 10.33
95,60156197,0STRAP 1BACK ZIP FASTENING 2MIDI 3REGULAR FIT 4STRIPED 2MIDI 6SQUARE NECK 7LINED 8COTTON MIX 9BLUE MIX 5SKATER DRESS 14.2
96,60156198,0CAP SLEEVE 1BACK ZIP FASTENING 2MIDI 3SLIM FIT 4PLAIN 2MIDI 6V NECK 7UNLINED 8POLYESTER 9PINK 5BODYCON DRESS 13.71
97,60156200,0SLEEVELESS 1BACK ZIP FASTENING 2MIDI 3REGULAR FIT 4FLORAL 2MIDI 6SQUARE NECK 7LINED 8COTTON MIX 9IVORY MIX 5SKATER DRESS 14.2
98,60156211,0SLEEVELESS 1PULL ON 2MIDI 3SLIM FIT 4PLAIN 2MIDI 6V NECK 7UNLINED 8POLYESTER 9RED 5SLIP DRESS 7.34
99,60156362,0SLEEVELESS 1BACK BUTTON FASTENING 2KNEE LENGTH 3REGULAR FIT 4PRINTED 2KNEE LENGTH 6ROUND NECK 7UNLINED 8LINEN MIX 9MULTI 5TUNICS 4.69
100,60156380,0SHORT SLEEVE 1PULL ON 2KNEE LENGTH 3REGULAR FIT 4PLAIN 2KNEE LENGTH 6ROUND NECK 7UNLINED 8POLYESTER 9NAVY 5TUNICS 6.04
101,60156380,0SHORT SLEEVE 1PULL ON 2KNEE LENGTH 3REGULAR FIT 4PLAIN 2KNEE LENGTH 6ROUND NECK 7UNLINED 8POLYESTER 9NAVY 5TUNICS 6.04
102,60156382,0SLEEVELESS 1BACK BUTTON FASTENING 2KNEE LENGTH 3REGULAR FIT 4PLAIN 2KNEE LENGTH 6ROUND NECK 7UNLINED 8LINEN MIX 9BLACK 5TUNICS 4.36
103,60156382,0SLEEVELESS 1BACK BUTTON FASTENING 2KNEE LENGTH 3REGULAR FIT 4PLAIN 2KNEE LENGTH 6ROUND NECK 7UNLINED 8LINEN MIX 9BLACK 5TUNICS 4.36
104,60156384,0SLEEVELESS 1BACK BUTTON FASTENING 2KNEE LENGTH 3REGULAR FIT 4PLAIN 2KNEE LENGTH 6ROUND NECK 7UNLINED 8LINEN MIX 9KHAKI 5TUNICS 4.36
105,60156384,0SLEEVELESS 1BACK BUTTON FASTENING 2KNEE LENGTH 3REGULAR FIT 4PLAIN 2KNEE LENGTH 6ROUND NECK 7UNLINED 8LINEN MIX 9KHAKI 5TUNICS 4.36
106,60156385,0SLEEVELESS 1BACK BUTTON FASTENING 2KNEE LENGTH 3REGULAR FIT 4STRIPED 2KNEE LENGTH 6ROUND NECK 7LINED 8LINEN MIX 9PINK MIX 5TUNICS 6.39
107,60156385,0SLEEVELESS 1BACK BUTTON FASTENING 2KNEE LENGTH 3REGULAR FIT 4STRIPED 2KNEE LENGTH 6ROUND NECK 7LINED 8LINEN MIX 9PINK MIX 5TUNICS 6.14
108,60156406,0SHORT SLEEVE 1PULL ON 2KNEE LENGTH 3REGULAR FIT 4PRINTED 2KNEE LENGTH 6ROUND NECK 7UNLINED 8POLYESTER 9MULTI 5TUNICS 6.04
109,60156408,0SHORT SLEEVE 1PULL ON 2KNEE LENGTH 3REGULAR FIT 4FLORAL 2KNEE LENGTH 6ROUND NECK 7UNLINED 8POLYESTER 9BLUE MIX 5TUNICS 6.04
110,60156435,0SLEEVELESS 1TIE FASTENING 2MIDI 3SLIM FIT 4COLOUR BLOCK 2MIDI 6ROUND NECK 7UNLINED 8POLYESTER MIX 9PINK MIX 5SKATER DRESS 11.23
111,60156443,0SLEEVELESS 1TIE FASTENING 2MIDI 3SLIM FIT 4COLOUR BLOCK 2MIDI 6ROUND NECK 7UNLINED 8POLYESTER MIX 9NAVY MIX 5SKATER DRESS 11.23
112,60156457,0HALF SLEEVE 1PULL ON 2KNEE LENGTH 3LOOSE FIT 4PLAIN 2KNEE LENGTH 6ROUND NECK 7UNLINED 8JERSEY 9BLACK 5SWING DRESS 5.31
113,60156457,0HALF SLEEVE 1PULL ON 2KNEE LENGTH 3LOOSE FIT 4PLAIN 2KNEE LENGTH 6ROUND NECK 7UNLINED 8JERSEY 9BLACK 5SWING DRESS 5.31
114,60156458,0HALF SLEEVE 1PULL ON 2KNEE LENGTH 3LOOSE FIT 4FLORAL 2KNEE LENGTH 6ROUND NECK 7UNLINED 8JERSEY 9PINK MIX 5SWING DRESS 5.44
115,60156459,0SLEEVELESS 1BACK ZIP FASTENING 2KNEE LENGTH 3REGULAR FIT 4PRINTED 2KNEE LENGTH 6ROUND NECK 7LINED 8LINEN MIX 9NAVY MIX 5TUNICS 10.33
116,60156459,0SLEEVELESS 1BACK ZIP FASTENING 2KNEE LENGTH 3REGULAR FIT 4PRINTED 2KNEE LENGTH 6ROUND NECK 7LINED 8LINEN MIX 9NAVY MIX 5TUNICS 10.33
117,60156462,0HALF SLEEVE 1PULL ON 2KNEE LENGTH 3LOOSE FIT 4PRINTED 2KNEE LENGTH 6ROUND NECK 7UNLINED 8JERSEY 9BLACK MIX 5SWING DRESS 5.31
118,60156462,0HALF SLEEVE 1PULL ON 2KNEE LENGTH 3LOOSE FIT 4PRINTED 2KNEE LENGTH 6ROUND NECK 7UNLINED 8JERSEY 9BLACK MIX 5SWING DRESS 5.31
119,60156463,0SLEEVELESS 1BACK ZIP FASTENING 2KNEE LENGTH 3REGULAR FIT 4COLOUR BLOCK 2KNEE LENGTH 6ROUND NECK 7LINED 8LINEN MIX 9OATMEAL MIX 5TUNICS 9.28
120,60156463,0SLEEVELESS 1BACK ZIP FASTENING 2KNEE LENGTH 3REGULAR FIT 4COLOUR BLOCK 2KNEE LENGTH 6ROUND NECK 7LINED 8LINEN MIX 9OATMEAL MIX 5TUNICS 10.32
121,60156466,0HALF SLEEVE 1PULL ON 2KNEE LENGTH 3REGULAR FIT 4PRINTED 2KNEE LENGTH 6ROUND NECK 7UNLINED 8JERSEY 9NAVY MIX 5SWING DRESS 5.31
122,60156494,0HALF SLEEVE 1PULL ON 2KNEE LENGTH 3LOOSE FIT 4EMBROIDERED 2KNEE LENGTH 6SQUARE NECK 7UNLINED 8COTTON 9BLUE MIX 5DROP WAIST 12.91
123,60156505,0HALF SLEEVE 1BACK ZIP FASTENING 2NA6 3REGULAR FIT 4PRINTED 2NA6 6NA8 7UNLINED 8POLYESTER MIX 9BLACK MIX 5JUMPSUITS 12.19
124,60156931,0SLEEVELESS 1BUTTON FASTENING 2MIDI 3REGULAR FIT 4PRINTED 2MIDI 6SQUARE NECK 7UNLINED 8LINEN MIX 9STONE MIX 5FIT AND FLARE DRESS 10.21
125,60157166,0SLEEVELESS 1BACK ZIP FASTENING 2MIDI 3FIT AND FLARE 4PLAIN 2MIDI 6ROUND NECK 7LINED 8TENCEL MIX 9BLUE 5SKATER DRESS 16.43
126,60157235,0CAP SLEEVE 1BUTTON AND ZIP FASTENING 2MIDI 3SLIM FIT 4FLORAL 2MIDI 6V NECK 7UNLINED 8POLYESTER MIX 9IVORY MIX 5BODYCON DRESS 13.71
127,60157243,0HALF SLEEVE 1PULL ON 2MIDI 3REGULAR FIT 4PLAIN 2MIDI 6NA8 7UNLINED 8TENCEL 9BLUE 5BARDOT DRESS 11.31
128,60157244,0SLEEVELESS 1BACK BUTTON FASTENING 2KNEE LENGTH 3REGULAR FIT 4STRIPED 2KNEE LENGTH 6ROUND NECK 7LINED 8LINEN MIX 9NAVY MIX 5TUNICS 4.69
129,60157244,0SLEEVELESS 1BACK BUTTON FASTENING 2KNEE LENGTH 3REGULAR FIT 4STRIPED 2KNEE LENGTH 6ROUND NECK 7LINED 8LINEN MIX 9NAVY MIX 5TUNICS 6.39
130,60157245,0SLEEVELESS 1BACK BUTTON FASTENING 2KNEE LENGTH 3REGULAR FIT 4PLAIN 2KNEE LENGTH 6ROUND NECK 7LINED 8LINEN MIX 9IVORY 5TUNICS 5.82
131,60157245,0SLEEVELESS 1BACK BUTTON FASTENING 2KNEE LENGTH 3REGULAR FIT 4PLAIN 2KNEE LENGTH 6ROUND NECK 7LINED 8LINEN MIX 9IVORY 5TUNICS 4.36
132,60157295,0SLEEVELESS 1BACK ZIP FASTENING 2MIDI 3REGULAR FIT 4PLAIN 2MIDI 6ROUND NECK 7LINED 8TENCEL MIX 9BLUE 5SKATER DRESS 16.43
133,60157319,0SLEEVELESS 1BACK BUTTON FASTENING 2KNEE LENGTH 3REGULAR FIT 4PLAIN 2KNEE LENGTH 6ROUND NECK 7UNLINED 8LINEN MIX 9NAVY 5TUNICS 4.36
134,60157319,0SLEEVELESS 1BACK BUTTON FASTENING 2KNEE LENGTH 3REGULAR FIT 4PLAIN 2KNEE LENGTH 6ROUND NECK 7UNLINED 8LINEN MIX 9NAVY 5TUNICS 4.36
135,60157321,0SHORT SLEEVE 1BACK ZIP FASTENING 2MIDI 3SLIM FIT 4PLAIN 2MIDI 6V NECK 7UNLINED 8POLYESTER 9PINK 5BODYCON DRESS 13.71
136,60157472,0HALF SLEEVE 1PULL ON 2MIDI 3FIT AND FLARE 4EMBROIDERED 2MIDI 6V NECK 7UNLINED 8COTTON 9BLUE 5SKATER DRESS 17.63
137,60157789,0SLEEVELESS 1PULL ON 2MIDI 3SLIM FIT 4PRINTED 2MIDI 6V NECK 7UNLINED 8POLYESTER 9BLACK MIX 5SLIP DRESS 7.34
138,60158464,0HALF SLEEVE 1PULL ON 2MIDI 3FIT AND FLARE 4PRINTED 2MIDI 6ROUND NECK 7UNLINED 8COTTON 9BUTTERCUP 5SKATER DRESS 10.04
139,60158654,0SLEEVELESS 1BACK BUTTON FASTENING 2KNEE LENGTH 3REGULAR FIT 4PRINTED 2KNEE LENGTH 6ROUND NECK 7UNLINED 8LINEN MIX 9NAVY MIX 5TUNICS 4.69
140,60158968,0SLEEVELESS 1PULL ON 2MAXI 3REGULAR FIT 4PRINTED 2MAXI 6V NECK 7UNLINED 8VISCOSE MIX 9NAVY MIX 5NA7 5.09
141,60158969,0SLEEVELESS 1PULL ON 2MAXI 3REGULAR FIT 4PLAIN 2MAXI 6V NECK 7UNLINED 8VISCOSE MIX 9GREEN 5NA7 4.57
142,60159177,0SHORT SLEEVE 1SIDE ZIP FASTENING 2MIDI 3LOOSE FIT 4EMBROIDERED 2MIDI 6SQUARE NECK 7UNLINED 8LINEN MIX 9IVORY MIX 5SKATER DRESS 15.88
143,60159387,0SLEEVELESS 1PULL ON 2MIDI 3LOOSE FIT 4PRINTED 2MIDI 6V NECK 7UNLINED 8VISCOSE 9RED MIX 5SLIP DRESS 5.26
144,60159575,0SHORT SLEEVE 1PULL ON 2KNEE LENGTH 3REGULAR FIT 4PLAIN 2KNEE LENGTH 6BOAT NECK 7UNLINED 8POLYESTER 9PINK 5TUNICS 6.04
145,60159576,0HALF SLEEVE 1PULL ON 2MIDI 3SLIM FIT 4PLAIN 2MIDI 6NA8 7UNLINED 8LINEN 9CHAMBRAY 5BARDOT DRESS 4.11
146,60160031,0HALF SLEEVE 1PULL ON 2MIDI 3REGULAR FIT 4FLORAL 2MIDI 6ROUND NECK 7LINED 8POLYESTER 9NAVY MIX 5SKATER DRESS 15.36
147,60160050,0STRAP 1TIE FASTENING 2MIDI 3FIT AND FLARE 4PLAIN 2MIDI 6V NECK 7UNLINED 8TENCEL 9CHAMBRAY 5WRAP DRESS 15.41
148,60160051,0SLEEVELESS 1TIE FASTENING 2MIDI 3LOOSE FIT 4PLAIN 2MIDI 6V NECK 7UNLINED 8POLYESTER 9COPPER ROSE 5SWING DRESS 15.3
149,60160055,0STRAP 1TIE FASTENING 2MIDI 3FIT AND FLARE 4PRINTED 2MIDI 6V NECK 7UNLINED 8VISCOSE 9MULTI 5WRAP DRESS 13.0
150,60160069,0SLEEVELESS 1BUTTON FASTENING 2NA6 3REGULAR FIT 4STRIPED 2NA6 6V NECK 7UNLINED 8LINEN MIX 9IVORY MIX 5JUMPSUITS 13.11
151,60160069,0SLEEVELESS 1BUTTON FASTENING 2NA6 3REGULAR FIT 4STRIPED 2NA6 6V NECK 7UNLINED 8LINEN MIX 9IVORY MIX 5JUMPSUITS 13.6
152,60160343,0HALF SLEEVE 1PULL ON 2KNEE LENGTH 3LOOSE FIT 4PRINTED 2KNEE LENGTH 6NA8 7UNLINED 8VISCOSE MIX 9BLUE MIX 5BARDOT DRESS 5.96
153,60160345,0HALF SLEEVE 1PULL ON 2KNEE LENGTH 3LOOSE FIT 4STRIPED 2KNEE LENGTH 6NA8 7UNLINED 8VISCOSE MIX 9RED MIX 5BARDOT DRESS 5.96
154,60160362,0SLEEVELESS 1PULL ON 2MIDI 3LOOSE FIT 4PLAIN 2MIDI 6V NECK 7UNLINED 8VISCOSE 9BLUE 5SLIP DRESS 4.57
155,60160378,0SLEEVELESS 1PULL ON 2MAXI 3REGULAR FIT 4PLAIN 2MAXI 6V NECK 7UNLINED 8VISCOSE MIX 9RED 5SLIP DRESS 4.57
156,60160379,0SLEEVELESS 1PULL ON 2MAXI 3REGULAR FIT 4PRINTED 2MAXI 6V NECK 7UNLINED 8VISCOSE MIX 9NAVY MIX 5NA7 5.09
157,60160390,0SLEEVELESS 1PULL ON 2MIDI 3REGULAR FIT 4PRINTED 2MIDI 6V NECK 7UNLINED 8VISCOSE 9RED MIX 5SLIP DRESS 5.01
158,60160390,0SLEEVELESS 1PULL ON 2MIDI 3REGULAR FIT 4PRINTED 2MIDI 6V NECK 7UNLINED 8VISCOSE 9RED MIX 5SLIP DRESS 5.01
159,60160521,0LONG SLEEVE 1NA12 2MAXI 3NA3 4PLAIN 2MAXI 6TURTLE NECK 7UNLINED 8VISCOSE 9NAVY 5COLUMN DRESS 11.02
160,60160521,0LONG SLEEVE 1NA12 2MAXI 3NA3 4PLAIN 2MAXI 6TURTLE NECK 7UNLINED 8VISCOSE 9NAVY 5COLUMN DRESS 11.02
161,60160522,0LONG SLEEVE 1NA12 2MAXI 3NA3 4PLAIN 2MAXI 6TURTLE NECK 7UNLINED 8VISCOSE 9BLACK 5COLUMN DRESS 13.62
162,60160522,0LONG SLEEVE 1NA12 2MAXI 3NA3 4PLAIN 2MAXI 6TURTLE NECK 7UNLINED 8VISCOSE 9BLACK 5COLUMN DRESS 11.02
163,60160851,0SLEEVELESS 1PULL ON 2MAXI 3REGULAR FIT 4PRINTED 2MAXI 6V NECK 7UNLINED 8JERSEY 9NAVY MIX 5SLIP DRESS 4.9
164,60160853,0SHORT SLEEVE 1BACK ZIP FASTENING 2MIDI 3SLIM FIT 4FLORAL 2MIDI 6V NECK 7UNLINED 8POLYESTER MIX 9IVORY MIX 5BODYCON DRESS 10.13
165,60160948,0LONG SLEEVE 1PULL ON 2MIDI 3REGULAR FIT 4SPOTTY 2MIDI 6ROUND NECK 7UNLINED 8POLYESTER MIX 9RUST 5DROP WAIST 13.39
166,60160948,0LONG SLEEVE 1PULL ON 2MIDI 3REGULAR FIT 4SPOTTY 2MIDI 6ROUND NECK 7UNLINED 8POLYESTER MIX 9RUST 5DROP WAIST 13.67
167,60160989,0SHORT SLEEVE 1BACK BUTTON FASTENING 2KNEE LENGTH 3REGULAR FIT 4PLAIN 2KNEE LENGTH 6ROUND NECK 7UNLINED 8POLYESTER 9BLACK 5TUNICS 5.05
168,60160995,0SHORT SLEEVE 1BACK BUTTON FASTENING 2KNEE LENGTH 3REGULAR FIT 4PLAIN 2KNEE LENGTH 6ROUND NECK 7UNLINED 8POLYESTER 9BLACK 5TUNICS 5.05
169,60160999,0SLEEVELESS 1PULL ON 2MIDI 3REGULAR FIT 4PLAIN 2MIDI 6V NECK 7UNLINED 8VISCOSE 9BLACK 5SLIP DRESS 4.71
170,60160999,0SLEEVELESS 1PULL ON 2MIDI 3REGULAR FIT 4PLAIN 2MIDI 6V NECK 7UNLINED 8VISCOSE 9BLACK 5SLIP DRESS 4.52
171,60161000,0SLEEVELESS 1PULL ON 2MIDI 3REGULAR FIT 4PLAIN 2MIDI 6V NECK 7UNLINED 8VISCOSE 9BLACK 5SLIP DRESS 4.71
172,60161000,0SLEEVELESS 1PULL ON 2MIDI 3REGULAR FIT 4PLAIN 2MIDI 6V NECK 7UNLINED 8VISCOSE 9BLACK 5SLIP DRESS 4.71
173,60161001,0SLEEVELESS 1PULL ON 2MIDI 3REGULAR FIT 4PLAIN 2MIDI 6V NECK 7UNLINED 8VISCOSE 9BLACK 5SLIP DRESS 4.71
174,60161001,0SLEEVELESS 1PULL ON 2MIDI 3REGULAR FIT 4PLAIN 2MIDI 6V NECK 7UNLINED 8VISCOSE 9BLACK 5SLIP DRESS 4.71
175,60161002,0SLEEVELESS 1PULL ON 2MIDI 3REGULAR FIT 4PRINTED 2MIDI 6V NECK 7UNLINED 8VISCOSE 9RED MIX 5SLIP DRESS 4.71
176,60161003,0SLEEVELESS 1PULL ON 2MIDI 3LOOSE FIT 4PRINTED 2MIDI 6V NECK 7UNLINED 8VISCOSE 9RED MIX 5SLIP DRESS 4.52
177,60161017,0SLEEVELESS 1PULL ON 2MAXI 3REGULAR FIT 4PLAIN 2MAXI 6V NECK 7UNLINED 8JERSEY 9NAVY 5SLIP DRESS 4.38
178,60161017,0SLEEVELESS 1PULL ON 2MAXI 3REGULAR FIT 4PLAIN 2MAXI 6V NECK 7UNLINED 8JERSEY 9NAVY 5SLIP DRESS 4.38
179,60161020,0SLEEVELESS 1PULL ON 2MAXI 3REGULAR FIT 4PLAIN 2MAXI 6V NECK 7UNLINED 8VISCOSE MIX 9NAVY 5SLIP DRESS 4.57
180,60161020,0SLEEVELESS 1PULL ON 2MAXI 3REGULAR FIT 4PLAIN 2MAXI 6V NECK 7UNLINED 8VISCOSE MIX 9NAVY 5SLIP DRESS 4.57
181,60161039,0SHORT SLEEVE 1PULL ON 2KNEE LENGTH 3REGULAR FIT 4PLAIN 2KNEE LENGTH 6SLASH NECK 7UNLINED 8POLYESTER 9NAVY 5TUNICS 6.04
182,60161039,0SHORT SLEEVE 1PULL ON 2KNEE LENGTH 3REGULAR FIT 4PLAIN 2KNEE LENGTH 6SLASH NECK 7UNLINED 8POLYESTER 9NAVY 5TUNICS 6.04
183,60161040,0SHORT SLEEVE 1PULL ON 2KNEE LENGTH 3REGULAR FIT 4PLAIN 2KNEE LENGTH 6SLASH NECK 7UNLINED 8POLYESTER 9NAVY 5TUNICS 6.04
184,60161040,0SHORT SLEEVE 1PULL ON 2KNEE LENGTH 3REGULAR FIT 4PLAIN 2KNEE LENGTH 6SLASH NECK 7UNLINED 8POLYESTER 9NAVY 5TUNICS 6.04
185,60161049,0SLEEVELESS 1BACK BUTTON FASTENING 2KNEE LENGTH 3REGULAR FIT 4PLAIN 2KNEE LENGTH 6ROUND NECK 7UNLINED 8LINEN MIX 9NAVY 5TUNICS 4.36
186,60161049,0SLEEVELESS 1BACK BUTTON FASTENING 2KNEE LENGTH 3REGULAR FIT 4PLAIN 2KNEE LENGTH 6ROUND NECK 7UNLINED 8LINEN MIX 9NAVY 5TUNICS 4.36
187,60161067,0SHORT SLEEVE 1PULL ON 2KNEE LENGTH 3REGULAR FIT 4PRINTED 2KNEE LENGTH 6BOAT NECK 7UNLINED 8POLYESTER 9MULTI 5TUNICS 6.04
188,60161068,0SHORT SLEEVE 1PULL ON 2KNEE LENGTH 3REGULAR FIT 4PRINTED 2KNEE LENGTH 6BOAT NECK 7UNLINED 8POLYESTER 9MULTI 5TUNICS 6.04
189,60161076,0LONG SLEEVE 1TIE FASTENING 2KNEE LENGTH 3REGULAR FIT 4EMBROIDERED 2KNEE LENGTH 6NOTCH NECK 7UNLINED 8VISCOSE 9NAVY 5SWING DRESS 12.35
190,60161077,0SHORT SLEEVE 1PULL ON 2KNEE LENGTH 3REGULAR FIT 4PRINTED 2KNEE LENGTH 6ROUND NECK 7UNLINED 8JERSEY 9NAVY MIX 5SWING DRESS 4.58
191,60161078,0HALF SLEEVE 1PULL ON 2KNEE LENGTH 3REGULAR FIT 4PLAIN 2KNEE LENGTH 6ROUND NECK 7UNLINED 8JERSEY 9BLACK 5SWING DRESS 4.77
192,60161078,0HALF SLEEVE 1PULL ON 2KNEE LENGTH 3REGULAR FIT 4PLAIN 2KNEE LENGTH 6ROUND NECK 7UNLINED 8JERSEY 9BLACK 5SWING DRESS 4.77
193,60161079,0SHORT SLEEVE 1PULL ON 2KNEE LENGTH 3REGULAR FIT 4PRINTED 2KNEE LENGTH 6ROUND NECK 7UNLINED 8JERSEY 9NAVY MIX 5SWING DRESS 4.77
194,60161080,0SHORT SLEEVE 1PULL ON 2KNEE LENGTH 3REGULAR FIT 4PLAIN 2KNEE LENGTH 6ROUND NECK 7UNLINED 8JERSEY 9BLACK 5SWING DRESS 4.58
195,60161080,0SHORT SLEEVE 1PULL ON 2KNEE LENGTH 3REGULAR FIT 4PLAIN 2KNEE LENGTH 6ROUND NECK 7UNLINED 8JERSEY 9BLACK 5SWING DRESS 4.58
196,60161086,0SLEEVELESS 1BACK BUTTON FASTENING 2KNEE LENGTH 3REGULAR FIT 4STRIPED 2KNEE LENGTH 6ROUND NECK 7LINED 8LINEN MIX 9NAVY MIX 5TUNICS 4.69
197,60161086,0SLEEVELESS 1BACK BUTTON FASTENING 2KNEE LENGTH 3REGULAR FIT 4STRIPED 2KNEE LENGTH 6ROUND NECK 7LINED 8LINEN MIX 9NAVY MIX 5TUNICS 6.39
198,60161087,0SLEEVELESS 1BACK BUTTON FASTENING 2KNEE LENGTH 3REGULAR FIT 4STRIPED 2KNEE LENGTH 6ROUND NECK 7LINED 8LINEN MIX 9NAVY MIX 5TUNICS 6.2
199,60161087,0SLEEVELESS 1BACK BUTTON FASTENING 2KNEE LENGTH 3REGULAR FIT 4STRIPED 2KNEE LENGTH 6ROUND NECK 7LINED 8LINEN MIX 9NAVY MIX 5TUNICS 4.69
200,60161088,0SLEEVELESS 1BACK BUTTON FASTENING 2KNEE LENGTH 3REGULAR FIT 4PLAIN 2KNEE LENGTH 6ROUND NECK 7LINED 8LINEN MIX 9IVORY 5TUNICS 5.82
201,60161088,0SLEEVELESS 1BACK BUTTON FASTENING 2KNEE LENGTH 3REGULAR FIT 4PLAIN 2KNEE LENGTH 6ROUND NECK 7LINED 8LINEN MIX 9IVORY 5TUNICS 4.36
202,60161089,0SLEEVELESS 1BACK BUTTON FASTENING 2KNEE LENGTH 3REGULAR FIT 4PLAIN 2KNEE LENGTH 6ROUND NECK 7LINED 8LINEN MIX 9IVORY 5TUNICS 5.63
203,60161089,0SLEEVELESS 1BACK BUTTON FASTENING 2KNEE LENGTH 3REGULAR FIT 4PLAIN 2KNEE LENGTH 6ROUND NECK 7LINED 8LINEN MIX 9IVORY 5TUNICS 4.36
204,60161090,0SLEEVELESS 1BACK BUTTON FASTENING 2KNEE LENGTH 3REGULAR FIT 4PRINTED 2KNEE LENGTH 6ROUND NECK 7UNLINED 8LINEN MIX 9NAVY MIX 5TUNICS 4.5
205,60161103,0SLEEVELESS 1PULL ON 2MAXI 3REGULAR FIT 4PLAIN 2MAXI 6V NECK 7UNLINED 8JERSEY 9GREEN 5SLIP DRESS 4.38
206,60161134,0SLEEVELESS 1PULL ON 2MIDI 3REGULAR FIT 4PRINTED 2MIDI 6V NECK 7UNLINED 8VISCOSE 9RED MIX 5SLIP DRESS 4.71
207,60161139,0SLEEVELESS 1BACK BUTTON FASTENING 2KNEE LENGTH 3REGULAR FIT 4PRINTED 2KNEE LENGTH 6ROUND NECK 7UNLINED 8LINEN MIX 9NAVY MIX 5TUNICS 4.69
208,60161185,0SLEEVELESS 1BACK BUTTON FASTENING 2KNEE LENGTH 3REGULAR FIT 4PLAIN 2KNEE LENGTH 6ROUND NECK 7UNLINED 8LINEN MIX 9NAVY 5TUNICS 4.36
209,60161185,0SLEEVELESS 1BACK BUTTON FASTENING 2KNEE LENGTH 3REGULAR FIT 4PLAIN 2KNEE LENGTH 6ROUND NECK 7UNLINED 8LINEN MIX 9NAVY 5TUNICS 4.17
210,60161248,0LONG SLEEVE 1BACK BUTTON FASTENING 2KNEE LENGTH 3REGULAR FIT 4PRINTED 2KNEE LENGTH 6ROUND NECK 7UNLINED 8JERSEY 9RED MIX 5SWING DRESS 6.42
211,60161618,0SHORT SLEEVE 1PULL ON 2MIDI 3FIT AND FLARE 4PLAIN 2MIDI 6NA8 7UNLINED 8VISCOSE 9YELLOW 5BARDOT DRESS 12.77
212,60161618,0SHORT SLEEVE 1PULL ON 2MIDI 3FIT AND FLARE 4PLAIN 2MIDI 6NA8 7UNLINED 8VISCOSE 9YELLOW 5BARDOT DRESS 12.77
213,60161620,0LONG SLEEVE 1BUTTON THROUGH 2MIDI 3REGULAR FIT 4CHECKED 2MIDI 6COLLARED NECK 7UNLINED 8COTTON 9WINE MIX 5SHIRT DRESS 11.15
214,60161620,0LONG SLEEVE 1BUTTON THROUGH 2MIDI 3REGULAR FIT 4CHECKED 2MIDI 6COLLARED NECK 7UNLINED 8COTTON 9WINE MIX 5SHIRT DRESS 10.75
215,60161621,0LONG SLEEVE 1BUTTON THROUGH 2MIDI 3REGULAR FIT 4CHECKED 2MIDI 6COLLARED NECK 7UNLINED 8COTTON 9BLUE MIX 5SHIRT DRESS 11.15
216,60161621,0LONG SLEEVE 1BUTTON THROUGH 2MIDI 3REGULAR FIT 4CHECKED 2MIDI 6COLLARED NECK 7UNLINED 8COTTON 9BLUE MIX 5SHIRT DRESS 11.15
217,60161623,0SHORT SLEEVE 1PULL ON 2MIDI 3FIT AND FLARE 4FLORAL 2MIDI 6NA8 7UNLINED 8VISCOSE 9NAVY MIX 5BARDOT DRESS 13.04
218,60162231,0LONG SLEEVE 1BACK BUTTON FASTENING 2KNEE LENGTH 3REGULAR FIT 4PLAIN 2KNEE LENGTH 6ROUND NECK 7UNLINED 8VISCOSE MIX 9NAVY 5SWING DRESS 5.14
219,60162336,0HALF SLEEVE 1SIDE ZIP FASTENING 2MIDI 3REGULAR FIT 4STRIPED 2MIDI 6ROUND NECK 7UNLINED 8COTTON 9BLUE MIX 5TUNICS 14.51
220,60164074,0SHORT SLEEVE 1PULL ON 2KNEE LENGTH 3REGULAR FIT 4PLAIN 2KNEE LENGTH 6ROUND NECK 7UNLINED 8JERSEY 9GREEN 5SWING DRESS 8.66
221,60165106,03 QUARTER SLEEVE 1PULL ON 2KNEE LENGTH 3REGULAR FIT 4CHECKED 2KNEE LENGTH 6ROUND NECK 7UNLINED 8POLYESTER MIX 9GREY MIX 5TUNICS 7.48
222,60165106,03 QUARTER SLEEVE 1PULL ON 2KNEE LENGTH 3REGULAR FIT 4CHECKED 2KNEE LENGTH 6ROUND NECK 7UNLINED 8POLYESTER MIX 9GREY MIX 5TUNICS 12.78
223,60165143,0LONG SLEEVE 1PULL ON 2MIDI 3LOOSE FIT 4PRINTED 2MIDI 6ROUND NECK 7UNLINED 8POLYESTER MIX 9IVORY MIX 5DROP WAIST 11.55
224,60165143,0LONG SLEEVE 1PULL ON 2MIDI 3LOOSE FIT 4PRINTED 2MIDI 6ROUND NECK 7UNLINED 8POLYESTER MIX 9IVORY MIX 5DROP WAIST 11.98
225,60165665,0SHORT SLEEVE 1PULL ON 2KNEE LENGTH 3REGULAR FIT 4PRINTED 2KNEE LENGTH 6ROUND NECK 7UNLINED 8LINEN MIX 9NAVY MIX 5TUNICS 4.97
226,60165665,0SHORT SLEEVE 1PULL ON 2KNEE LENGTH 3REGULAR FIT 4PRINTED 2KNEE LENGTH 6ROUND NECK 7UNLINED 8LINEN MIX 9NAVY MIX 5TUNICS 4.97
227,60165666,0SHORT SLEEVE 1PULL ON 2KNEE LENGTH 3LOOSE FIT 4PLAIN 2KNEE LENGTH 6ROUND NECK 7UNLINED 8LINEN MIX 9RED 5TUNICS 4.65
228,60165667,0SHORT SLEEVE 1PULL ON 2KNEE LENGTH 3REGULAR FIT 4STRIPED 2KNEE LENGTH 6ROUND NECK 7UNLINED 8LINEN MIX 9MULTI 5TUNICS 5.17
229,60165747,03 QUARTER SLEEVE 1PULL ON 2KNEE LENGTH 3REGULAR FIT 4CHECKED 2KNEE LENGTH 6ROUND NECK 7UNLINED 8POLYESTER MIX 9PINK MIX 5TUNICS 7.48
230,60165747,03 QUARTER SLEEVE 1PULL ON 2KNEE LENGTH 3REGULAR FIT 4CHECKED 2KNEE LENGTH 6ROUND NECK 7UNLINED 8POLYESTER MIX 9PINK MIX 5TUNICS 7.63
231,60165785,0HALF SLEEVE 1BUTTON FASTENING 2MIDI 3REGULAR FIT 4SPOTTY 2MIDI 6ROUND NECK 7UNLINED 8VISCOSE 9NAVY MIX 5TEA DRESS 12.13
232,60166063,0SLEEVELESS 1BACK BUTTON FASTENING 2MIDI 3REGULAR FIT 4CHECKED 2MIDI 6V NECK 7LINED 8COTTON 9FLAME 5FIT AND FLARE DRESS 11.78
233,60166064,0SLEEVELESS 1BACK BUTTON FASTENING 2MIDI 3REGULAR FIT 4CHECKED 2MIDI 6V NECK 7LINED 8COTTON 9BLACK 5FIT AND FLARE DRESS 11.78
234,60166433,0SLEEVELESS 1PULL ON 2MIDI 3REGULAR FIT 4STRIPED 2MIDI 6V NECK 7UNLINED 8LINEN MIX 9BLUE MIX 5TUNICS 6.18
235,60166433,0SLEEVELESS 1PULL ON 2MIDI 3REGULAR FIT 4STRIPED 2MIDI 6V NECK 7UNLINED 8LINEN MIX 9BLUE MIX 5TUNICS 6.18
236,60166437,0SLEEVELESS 1PULL ON 2MIDI 3REGULAR FIT 4PRINTED 2MIDI 6V NECK 7UNLINED 8LINEN MIX 9IVORY MIX 5TUNICS 6.18
237,60166437,0SLEEVELESS 1PULL ON 2MIDI 3REGULAR FIT 4PRINTED 2MIDI 6V NECK 7UNLINED 8LINEN MIX 9IVORY MIX 5TUNICS 6.18
238,60166483,0SHORT SLEEVE 1PULL ON 2KNEE LENGTH 3REGULAR FIT 4FLORAL 2KNEE LENGTH 6ROUND NECK 7UNLINED 8VISCOSE MIX 9CORAL MIX 5SWING DRESS 4.77
239,60166483,0SHORT SLEEVE 1PULL ON 2KNEE LENGTH 3REGULAR FIT 4FLORAL 2KNEE LENGTH 6ROUND NECK 7UNLINED 8VISCOSE MIX 9CORAL MIX 5SWING DRESS 4.77
240,60166494,0SLEEVELESS 1BUTTON FASTENING 2MIDI 3REGULAR FIT 4PLAIN 2MIDI 6COLLARED NECK 7UNLINED 8POLYESTER MIX 9CORAL 5SHIRT DRESS 13.04
241,60166494,0SLEEVELESS 1BUTTON FASTENING 2MIDI 3REGULAR FIT 4PLAIN 2MIDI 6COLLARED NECK 7UNLINED 8POLYESTER MIX 9CORAL 5SHIRT DRESS 12.74
242,60166496,0SLEEVELESS 1BUTTON FASTENING 2MIDI 3REGULAR FIT 4FLORAL 2MIDI 6COLLARED NECK 7UNLINED 8POLYESTER MIX 9GREY MIX 5SHIRT DRESS 13.04
243,60166504,0HALF SLEEVE 1BACK BUTTON FASTENING 2KNEE LENGTH 3REGULAR FIT 4FLORAL 2KNEE LENGTH 6ROUND NECK 7UNLINED 8COTTON 9IVORY MIX 5SWING DRESS 6.01
244,60166504,0HALF SLEEVE 1BACK BUTTON FASTENING 2KNEE LENGTH 3REGULAR FIT 4FLORAL 2KNEE LENGTH 6ROUND NECK 7UNLINED 8COTTON 9IVORY MIX 5SWING DRESS 6.01
245,60167154,0LONG SLEEVE 1PULL ON 2MIDI 3REGULAR FIT 4STRIPED 2MIDI 6V NECK 7UNLINED 8COTTON 9NAVY MIX 5SKATER DRESS 9.15
246,60167154,0LONG SLEEVE 1PULL ON 2MIDI 3REGULAR FIT 4STRIPED 2MIDI 6V NECK 7UNLINED 8COTTON 9NAVY MIX 5SKATER DRESS 9.46
247,60167196,0SLEEVELESS 1PULL ON 2MAXI 3REGULAR FIT 4PRINTED 2MAXI 6SCOOP NECK 7UNLINED 8VISCOSE 9BLUE MIX 5NA7 11.3
248,60167196,0SLEEVELESS 1PULL ON 2MAXI 3REGULAR FIT 4PRINTED 2MAXI 6SCOOP NECK 7UNLINED 8VISCOSE 9BLUE MIX 5NA7 11.3
249,60167207,0SLEEVELESS 1BACK BUTTON FASTENING 2KNEE LENGTH 3REGULAR FIT 4EMBROIDERED 2KNEE LENGTH 6ROUND NECK 7UNLINED 8COTTON 9IVORY 5TUNICS 24.38
250,60167207,0SLEEVELESS 1BACK BUTTON FASTENING 2KNEE LENGTH 3REGULAR FIT 4EMBROIDERED 2KNEE LENGTH 6ROUND NECK 7UNLINED 8COTTON 9IVORY 5TUNICS 24.38
251,60167237,03 QUARTER SLEEVE 1BACK ZIP FASTENING 2MIDI 3REGULAR FIT 4FLORAL 2MIDI 6ROUND NECK 7UNLINED 8VISCOSE 9BLACK MIX 5SKATER DRESS 17.59
252,60167237,03 QUARTER SLEEVE 1BACK ZIP FASTENING 2MIDI 3REGULAR FIT 4FLORAL 2MIDI 6ROUND NECK 7UNLINED 8VISCOSE 9BLACK MIX 5SKATER DRESS 17.62
253,60167573,03 QUARTER SLEEVE 1BACK ZIP FASTENING 2MIDI 3SLIM FIT 4FLORAL 2MIDI 6ROUND NECK 7UNLINED 8POLYESTER MIX 9IVORY MIX 5SKATER DRESS 9.84
254,60167573,03 QUARTER SLEEVE 1BACK ZIP FASTENING 2MIDI 3SLIM FIT 4FLORAL 2MIDI 6ROUND NECK 7UNLINED 8POLYESTER MIX 9IVORY MIX 5SKATER DRESS 9.79
255,60167689,0LONG SLEEVE 1BUTTON THROUGH 2MIDI 3REGULAR FIT 4FLORAL 2MIDI 6COLLARED NECK 7UNLINED 8POLYESTER 9BLACK MIX 5SHIRT DRESS 13.12
256,60167784,0HALF SLEEVE 1PULL ON 2MIDI 3LOOSE FIT 4FLORAL 2MIDI 6ROUND NECK 7LINED 8POLYESTER 9IVORY MIX 5SKATER DRESS 12.18
257,60167854,0SHORT SLEEVE 1PULL ON 2KNEE LENGTH 3REGULAR FIT 4PLAIN 2KNEE LENGTH 6ROUND NECK 7UNLINED 8LINEN MIX 9GREY 5TUNICS 4.49
258,60167856,0SLEEVELESS 1NA12 2MAXI 3NA3 4PLAIN 2MAXI 6V NECK 7UNLINED 8VISCOSE 9BLACK 5SLIP DRESS 4.57
259,60167856,0SLEEVELESS 1NA12 2MAXI 3NA3 4PLAIN 2MAXI 6V NECK 7UNLINED 8VISCOSE 9BLACK 5SLIP DRESS 4.57
260,60167857,0HALF SLEEVE 1BACK BUTTON FASTENING 2KNEE LENGTH 3FIT AND FLARE 4CHECKED 2KNEE LENGTH 6ROUND NECK 7UNLINED 8COTTON 9IVORY MIX 5DROP WAIST 6.01
261,60167857,0HALF SLEEVE 1BACK BUTTON FASTENING 2KNEE LENGTH 3FIT AND FLARE 4CHECKED 2KNEE LENGTH 6ROUND NECK 7UNLINED 8COTTON 9IVORY MIX 5DROP WAIST 5.89
262,60167889,0HALF SLEEVE 1PULL ON 2KNEE LENGTH 3LOOSE FIT 4PLAIN 2KNEE LENGTH 6NA8 7UNLINED 8JERSEY 9NAVY 5BARDOT DRESS 4.47
263,60169126,0SLEEVELESS 1DRAWSTRING FASTENING 2MAXI 3SLIM FIT 4FLORAL 2MAXI 6V NECK 7UNLINED 8POLYESTER 9BLUE MIX 5SWING DRESS 17.35
264,60169374,0SLEEVELESS 1TIE FASTENING 2MIDI 3SLIM FIT 4COLOUR BLOCK 2MIDI 6ROUND NECK 7UNLINED 8POLYESTER MIX 9GREEN MIX 5SKATER DRESS 11.23
265,60174879,0LONG SLEEVE 1BUTTON FASTENING 2MIDI 3REGULAR FIT 4PRINTED 2MIDI 6COLLARED NECK 7UNLINED 8POLYESTER 9BLACK MIX 5SHIRT DRESS 10.92
266,60174879,0LONG SLEEVE 1BUTTON FASTENING 2MIDI 3REGULAR FIT 4PRINTED 2MIDI 6COLLARED NECK 7UNLINED 8POLYESTER 9BLACK MIX 5SHIRT DRESS 10.92
267,60175215,0LONG SLEEVE 1BUTTON FASTENING 2MIDI 3REGULAR FIT 4PRINTED 2MIDI 6COLLARED NECK 7UNLINED 8POLYESTER 9RUST MIX 5SHIRT DRESS 10.92
268,60175215,0LONG SLEEVE 1BUTTON FASTENING 2MIDI 3REGULAR FIT 4PRINTED 2MIDI 6COLLARED NECK 7UNLINED 8POLYESTER 9RUST MIX 5SHIRT DRESS 10.92
269,60176109,03 QUARTER SLEEVE 1SIDE ZIP FASTENING 2MIDI 3REGULAR FIT 4FLORAL 2MIDI 6ROUND NECK 7UNLINED 8VISCOSE 9BLACK MIX 5SKATER DRESS 17.59
270,60176109,03 QUARTER SLEEVE 1SIDE ZIP FASTENING 2MIDI 3REGULAR FIT 4FLORAL 2MIDI 6ROUND NECK 7UNLINED 8VISCOSE 9BLACK MIX 5SKATER DRESS 17.59
271,60176110,0SLEEVELESS 1BACK BUTTON FASTENING 2MINI 3REGULAR FIT 4EMBROIDERED 2MINI 6HIGH NECK 7LINED 8COTTON 9IVORY 5TUNICS 24.38
272,60176110,0SLEEVELESS 1BACK BUTTON FASTENING 2MINI 3REGULAR FIT 4EMBROIDERED 2MINI 6HIGH NECK 7LINED 8COTTON 9IVORY 5TUNICS 24.38
273,60176111,0LONG SLEEVE 1TIE FASTENING 2MIDI 3REGULAR FIT 4STRIPED 2MIDI 6V NECK 7UNLINED 8COTTON 9NAVY MIX 5WRAP DRESS 9.15
274,60176111,0LONG SLEEVE 1TIE FASTENING 2MIDI 3REGULAR FIT 4STRIPED 2MIDI 6V NECK 7UNLINED 8COTTON 9NAVY MIX 5WRAP DRESS 9.15
275,60176204,03 QUARTER SLEEVE 1BACK ZIP FASTENING 2MIDI 3REGULAR FIT 4FLORAL 2MIDI 6ROUND NECK 7UNLINED 8POLYESTER MIX 9IVORY MIX 5TUNICS 9.78
276,60176204,03 QUARTER SLEEVE 1BACK ZIP FASTENING 2MIDI 3REGULAR FIT 4FLORAL 2MIDI 6ROUND NECK 7UNLINED 8POLYESTER MIX 9IVORY MIX 5TUNICS 9.79
277,60177758,0LONG SLEEVE 1PULL ON 2MAXI 3REGULAR FIT 4PLAIN 2MAXI 6FUNNEL NECK 7UNLINED 8VISCOSE MIX 9MANGO 5NA7 11.02
278,60177758,0LONG SLEEVE 1PULL ON 2MAXI 3REGULAR FIT 4PLAIN 2MAXI 6FUNNEL NECK 7UNLINED 8VISCOSE MIX 9MANGO 5NA7 11.02
279,60178661,0HALF SLEEVE 1PULL ON 2KNEE LENGTH 3LOOSE FIT 4CHECKED 2KNEE LENGTH 6V NECK 7UNLINED 8VISCOSE 9BLACK MIX 5SKATER DRESS 11.92
280,60179091,0HALF SLEEVE 1PULL ON 2KNEE LENGTH 3LOOSE FIT 4PLAIN 2KNEE LENGTH 6ROUND NECK 7UNLINED 8COTTON 9BAYLEAF 5TUNICS 4.78
281,60179092,0HALF SLEEVE 1PULL ON 2KNEE LENGTH 3LOOSE FIT 4PLAIN 2KNEE LENGTH 6ROUND NECK 7UNLINED 8COTTON 9INDIGO 5TUNICS 4.78
282,60179092,0HALF SLEEVE 1PULL ON 2KNEE LENGTH 3LOOSE FIT 4PLAIN 2KNEE LENGTH 6ROUND NECK 7UNLINED 8COTTON 9INDIGO 5TUNICS 4.78
283,60179093,0HALF SLEEVE 1PULL ON 2KNEE LENGTH 3LOOSE FIT 4PLAIN 2KNEE LENGTH 6ROUND NECK 7UNLINED 8COTTON 9YELLOW 5TUNICS 4.78
284,60179093,0HALF SLEEVE 1PULL ON 2KNEE LENGTH 3LOOSE FIT 4PLAIN 2KNEE LENGTH 6ROUND NECK 7UNLINED 8COTTON 9YELLOW 5TUNICS 4.78
285,60179094,0HALF SLEEVE 1PULL ON 2KNEE LENGTH 3LOOSE FIT 4PLAIN 2KNEE LENGTH 6ROUND NECK 7UNLINED 8COTTON 9BRIGHT RED 5TUNICS 4.78
286,60179712,0LONG SLEEVE 1PULL ON 2MAXI 3REGULAR FIT 4PRINTED 2MAXI 6FUNNEL NECK 7UNLINED 8VISCOSE MIX 9BLACK MIX 5NA7 11.99
287,60179712,0LONG SLEEVE 1PULL ON 2MAXI 3REGULAR FIT 4PRINTED 2MAXI 6FUNNEL NECK 7UNLINED 8VISCOSE MIX 9BLACK MIX 5NA7 11.99
288,60179786,0SLEEVELESS 1PULL ON 2MAXI 3REGULAR FIT 4PRINTED 2MAXI 6V NECK 7UNLINED 8JERSEY 9BLACK MIX 5SLIP DRESS 5.09
289,60179786,0SLEEVELESS 1PULL ON 2MAXI 3REGULAR FIT 4PRINTED 2MAXI 6V NECK 7UNLINED 8JERSEY 9BLACK MIX 5SLIP DRESS 5.09
290,60179805,0SLEEVELESS 1PULL ON 2MAXI 3REGULAR FIT 4PRINTED 2MAXI 6V NECK 7UNLINED 8JERSEY 9BLACK MIX 5SLIP DRESS 4.9
291,60180087,0LONG SLEEVE 1NA12 2KNEE LENGTH 3NA3 4TEXTURED 2KNEE LENGTH 6ROUND NECK 7UNLINED 8SYNTHETIC 9NAVY 5SWING DRESS 4.17
292,60180090,0LONG SLEEVE 1NA12 2KNEE LENGTH 3NA3 4TEXTURED 2KNEE LENGTH 6ROUND NECK 7UNLINED 8SYNTHETIC 9GREY MARL 5SWING DRESS 4.17
293,60180705,0LONG SLEEVE 1NA12 2KNEE LENGTH 3NA3 4PLAIN 2KNEE LENGTH 6ROUND NECK 7UNLINED 8VISCOSE 9BLACK 5SWING DRESS 4.03
294,60182983,0HALF SLEEVE 1PULL ON 2KNEE LENGTH 3LOOSE FIT 4FLORAL 2KNEE LENGTH 6V NECK 7UNLINED 8POLYESTER MIX 9NAVY MIX 5TEA DRESS 7.63
295,60182987,0HALF SLEEVE 1PULL ON 2KNEE LENGTH 3LOOSE FIT 4FLORAL 2KNEE LENGTH 6V NECK 7UNLINED 8POLYESTER MIX 9CORAL MIX 5TEA DRESS 7.63
296,60184491,0SLEEVELESS 1BACK ZIP FASTENING 2MIDI 3REGULAR FIT 4FLORAL 2MIDI 6ROUND NECK 7UNLINED 8POLYESTER MIX 9NAVY MIX 5FIT AND FLARE DRESS 10.09
297,60184493,0SLEEVELESS 1BACK ZIP FASTENING 2MIDI 3REGULAR FIT 4PLAIN 2MIDI 6ROUND NECK 7UNLINED 8POLYESTER MIX 9BLACK 5SKATER DRESS 10.09
298,60184493,0SLEEVELESS 1BACK ZIP FASTENING 2MIDI 3REGULAR FIT 4PLAIN 2MIDI 6ROUND NECK 7UNLINED 8POLYESTER MIX 9BLACK 5SKATER DRESS 9.56
299,60186648,0SHORT SLEEVE 1PULL ON 2MIDI 3LOOSE FIT 4STRIPED 2MIDI 6ROUND NECK 7UNLINED 8COTTON MIX 9RED MIX 5T-SHIRT DRESS 4.9
300,60186649,0SHORT SLEEVE 1PULL ON 2MIDI 3LOOSE FIT 4STRIPED 2MIDI 6ROUND NECK 7UNLINED 8COTTON MIX 9CHAMBRAY MIX 5T-SHIRT DRESS 4.9
301,60186656,0SLEEVELESS 1BACK BUTTON FASTENING 2KNEE LENGTH 3REGULAR FIT 4PLAIN 2KNEE LENGTH 6ROUND NECK 7UNLINED 8LINEN MIX 9PINK 5TUNICS 4.36
302,60186656,0SLEEVELESS 1BACK BUTTON FASTENING 2KNEE LENGTH 3REGULAR FIT 4PLAIN 2KNEE LENGTH 6ROUND NECK 7UNLINED 8LINEN MIX 9PINK 5TUNICS 4.36
303,60186920,0SLEEVELESS 1BACK BUTTON FASTENING 2KNEE LENGTH 3REGULAR FIT 4EMBROIDERED 2KNEE LENGTH 6ROUND NECK 7UNLINED 8COTTON 9NAVY 5TUNICS 24.89
304,60186920,0SLEEVELESS 1BACK BUTTON FASTENING 2KNEE LENGTH 3REGULAR FIT 4EMBROIDERED 2KNEE LENGTH 6ROUND NECK 7UNLINED 8COTTON 9NAVY 5TUNICS 24.89
305,60187390,0SLEEVELESS 1PULL ON 2MAXI 3LOOSE FIT 4PRINTED 2MAXI 6V NECK 7UNLINED 8VISCOSE MIX 9GREEN MIX 5SLIP DRESS 5.15
306,60187390,0SLEEVELESS 1PULL ON 2MAXI 3LOOSE FIT 4PRINTED 2MAXI 6V NECK 7UNLINED 8VISCOSE MIX 9GREEN MIX 5SLIP DRESS 5.15
307,60187393,0SLEEVELESS 1PULL ON 2MAXI 3LOOSE FIT 4STRIPED 2MAXI 6V NECK 7UNLINED 8VISCOSE MIX 9MULTI 5SLIP DRESS 6.15
308,60187394,0SLEEVELESS 1PULL ON 2MAXI 3LOOSE FIT 4PRINTED 2MAXI 6V NECK 7UNLINED 8VISCOSE MIX 9CORAL MIX 5SLIP DRESS 5.15
309,60187394,0SLEEVELESS 1PULL ON 2MAXI 3LOOSE FIT 4PRINTED 2MAXI 6V NECK 7UNLINED 8VISCOSE MIX 9CORAL MIX 5SLIP DRESS 5.15
310,60187396,0SLEEVELESS 1NA12 2MAXI 3NA3 4PLAIN 2MAXI 6V NECK 7UNLINED 8VISCOSE 9BRIGHT BLUE 5SLIP DRESS 9.146161971830999
311,60187396,0SLEEVELESS 1NA12 2MAXI 3NA3 4PLAIN 2MAXI 6V NECK 7UNLINED 8VISCOSE 9BRIGHT BLUE 5SLIP DRESS 4.44
312,60188027,03 QUARTER SLEEVE 1BACK BUTTON FASTENING 2KNEE LENGTH 3REGULAR FIT 4PRINTED 2KNEE LENGTH 6ROUND NECK 7UNLINED 8POLYESTER 9BLACK MIX 5TUNICS 18.69
313,60188027,03 QUARTER SLEEVE 1BACK BUTTON FASTENING 2KNEE LENGTH 3REGULAR FIT 4PRINTED 2KNEE LENGTH 6ROUND NECK 7UNLINED 8POLYESTER 9BLACK MIX 5TUNICS 18.69
314,60188043,03 QUARTER SLEEVE 1BACK BUTTON FASTENING 2KNEE LENGTH 3LOOSE FIT 4PRINTED 2KNEE LENGTH 6ROUND NECK 7LINED 8VISCOSE 9IVORY MIX 5TUNICS 17.78
315,60188043,03 QUARTER SLEEVE 1BACK BUTTON FASTENING 2KNEE LENGTH 3LOOSE FIT 4PRINTED 2KNEE LENGTH 6ROUND NECK 7LINED 8VISCOSE 9IVORY MIX 5TUNICS 18.69
316,60188112,0LONG SLEEVE 1BACK BUTTON FASTENING 2MAXI 3SLIM FIT 4FLORAL 2MAXI 6ROUND NECK 7LINED 8VISCOSE 9IVORY MIX 5SKATER DRESS 21.69
317,60188112,0LONG SLEEVE 1BACK BUTTON FASTENING 2MAXI 3SLIM FIT 4FLORAL 2MAXI 6ROUND NECK 7LINED 8VISCOSE 9IVORY MIX 5SKATER DRESS 21.69
318,60188117,0LONG SLEEVE 1TIE FASTENING 2MIDI 3REGULAR FIT 4SPOTTY 2MIDI 6ROUND NECK 7UNLINED 8VISCOSE 9IVORY MIX 5TUNICS 16.86
319,60188117,0LONG SLEEVE 1TIE FASTENING 2MIDI 3REGULAR FIT 4SPOTTY 2MIDI 6ROUND NECK 7UNLINED 8VISCOSE 9IVORY MIX 5TUNICS 16.86
320,60188145,0LONG SLEEVE 1BACK BUTTON FASTENING 2MIDI 3SLIM FIT 4FLORAL 2MIDI 6ROUND NECK 7LINED 8VISCOSE 9BLUE MIX 5SKATER DRESS 21.69
321,60188145,0LONG SLEEVE 1BACK BUTTON FASTENING 2MIDI 3SLIM FIT 4FLORAL 2MIDI 6ROUND NECK 7LINED 8VISCOSE 9BLUE MIX 5SKATER DRESS 21.69
322,60188798,0HALF SLEEVE 1PULL ON 2MIDI 3FIT AND FLARE 4EMBROIDERED 2MIDI 6V NECK 7UNLINED 8COTTON 9GREEN 5SKATER DRESS 18.0
323,60191331,03 QUARTER SLEEVE 1BACK BUTTON FASTENING 2KNEE LENGTH 3REGULAR FIT 4SPOTTY 2KNEE LENGTH 6ROUND NECK 7LINED 8POLYESTER 9NAVY 5TUNICS 10.69
324,60191331,03 QUARTER SLEEVE 1BACK BUTTON FASTENING 2KNEE LENGTH 3REGULAR FIT 4SPOTTY 2KNEE LENGTH 6ROUND NECK 7LINED 8POLYESTER 9NAVY 5TUNICS 11.44
325,60191332,03 QUARTER SLEEVE 1BACK BUTTON FASTENING 2KNEE LENGTH 3REGULAR FIT 4SPOTTY 2KNEE LENGTH 6ROUND NECK 7LINED 8POLYESTER 9LIME 5TUNICS 10.69
326,60191332,03 QUARTER SLEEVE 1BACK BUTTON FASTENING 2KNEE LENGTH 3REGULAR FIT 4SPOTTY 2KNEE LENGTH 6ROUND NECK 7LINED 8POLYESTER 9LIME 5TUNICS 11.44
327,60191355,0SHORT SLEEVE 1PULL ON 2KNEE LENGTH 3REGULAR FIT 4TEXTURED 2KNEE LENGTH 6FUNNEL NECK 7UNLINED 8POLYESTER MIX 9NAVY 5BODYCON DRESS 8.9
328,60191355,0SHORT SLEEVE 1PULL ON 2KNEE LENGTH 3REGULAR FIT 4TEXTURED 2KNEE LENGTH 6FUNNEL NECK 7UNLINED 8POLYESTER MIX 9NAVY 5BODYCON DRESS 8.9
329,60191715,0LONG SLEEVE 1TIE FASTENING 2KNEE LENGTH 3LOOSE FIT 4SPOTTY 2KNEE LENGTH 6ROUND NECK 7UNLINED 8VISCOSE 9NAVY MIX 5TUNICS 15.68
330,60191715,0LONG SLEEVE 1TIE FASTENING 2KNEE LENGTH 3LOOSE FIT 4SPOTTY 2KNEE LENGTH 6ROUND NECK 7UNLINED 8VISCOSE 9NAVY MIX 5TUNICS 16.86
331,60195517,0SHORT SLEEVE 1PULL ON 2ON THE KNEE 3REGULAR FIT 4TEXTURED 2ON THE KNEE 6FUNNEL NECK 7UNLINED 8POLYESTER MIX 9GREEN 5BODYCON DRESS 8.9
332,60195517,0SHORT SLEEVE 1PULL ON 2ON THE KNEE 3REGULAR FIT 4TEXTURED 2ON THE KNEE 6FUNNEL NECK 7UNLINED 8POLYESTER MIX 9GREEN 5BODYCON DRESS 8.9
333,60197104,0SLEEVELESS 1PULL ON 2MINI 3LOOSE FIT 4PLAIN 2MINI 6HALTER NECK 7UNLINED 8POLYESTER 9BLACK 5SWING DRESS 10.64
334,60197104,0SLEEVELESS 1PULL ON 2MINI 3LOOSE FIT 4PLAIN 2MINI 6HALTER NECK 7UNLINED 8POLYESTER 9BLACK 5SWING DRESS 10.64
335,60197105,0SLEEVELESS 1PULL ON 2KNEE LENGTH 3SLIM FIT 4PLAIN 2KNEE LENGTH 6ROUND NECK 7UNLINED 8VISCOSE MIX 9BLACK 5SKATER DRESS 6.65
336,60197105,0SLEEVELESS 1PULL ON 2KNEE LENGTH 3SLIM FIT 4PLAIN 2KNEE LENGTH 6ROUND NECK 7UNLINED 8VISCOSE MIX 9BLACK 5SKATER DRESS 6.65
337,60197154,0SHORT SLEEVE 1PULL ON 2MIDI 3REGULAR FIT 4CHECKED 2MIDI 6ROUND NECK 7UNLINED 8POLYESTER MIX 9BLACK MIX 5SKATER DRESS 9.03
338,60197154,0SHORT SLEEVE 1PULL ON 2MIDI 3REGULAR FIT 4CHECKED 2MIDI 6ROUND NECK 7UNLINED 8POLYESTER MIX 9BLACK MIX 5SKATER DRESS 9.03
339,60197200,03 QUARTER SLEEVE 1BUTTON FASTENING 2MAXI 3FIT AND FLARE 4FLORAL 2MAXI 6COLLARED NECK 7UNLINED 8VISCOSE 9BLACK MIX 5SHIRT DRESS 15.73
340,60197200,03 QUARTER SLEEVE 1BUTTON FASTENING 2MAXI 3FIT AND FLARE 4FLORAL 2MAXI 6COLLARED NECK 7UNLINED 8VISCOSE 9BLACK MIX 5SHIRT DRESS 15.73
341,60198931,03 QUARTER SLEEVE 1BACK ZIP FASTENING 2MINI 3SLIM FIT 4LACE 2MINI 6ROUND NECK 7UNLINED 8POLYESTER MIX 9BLACK 5BODYCON DRESS 11.97
342,60198932,0LONG SLEEVE 1PULL ON 2MINI 3FIT AND FLARE 4PRINTED 2MINI 6V NECK 7LINED 8POLYESTER 9NAVY MIX 5DROP WAIST 10.75
343,60198932,0LONG SLEEVE 1PULL ON 2MINI 3FIT AND FLARE 4PRINTED 2MINI 6V NECK 7LINED 8POLYESTER 9NAVY MIX 5DROP WAIST 10.75
344,60198933,03 QUARTER SLEEVE 1PULL ON 2MINI 3FIT AND FLARE 4FLORAL 2MINI 6V NECK 7PART LINED 8POLYESTER 9NAVY MIX 5DROP WAIST 10.75
345,60198933,03 QUARTER SLEEVE 1PULL ON 2MINI 3FIT AND FLARE 4FLORAL 2MINI 6V NECK 7PART LINED 8POLYESTER 9NAVY MIX 5DROP WAIST 10.75
346,60199073,03 QUARTER SLEEVE 1BUTTON FASTENING 2MAXI 3FIT AND FLARE 4FLORAL 2MAXI 6COLLARED NECK 7UNLINED 8VISCOSE 9IVORY MIX 5SHIRT DRESS 15.73
347,60199073,03 QUARTER SLEEVE 1BUTTON FASTENING 2MAXI 3FIT AND FLARE 4FLORAL 2MAXI 6COLLARED NECK 7UNLINED 8VISCOSE 9IVORY MIX 5SHIRT DRESS 15.73
348,60199074,0SHORT SLEEVE 1PULL ON 2NA6 3REGULAR FIT 4PLAIN 2NA6 6V NECK 7UNLINED 8VISCOSE MIX 9BLACK 5JUMPSUITS 10.44
349,60199074,0SHORT SLEEVE 1PULL ON 2NA6 3REGULAR FIT 4PLAIN 2NA6 6V NECK 7UNLINED 8VISCOSE MIX 9BLACK 5JUMPSUITS 10.34
350,60199075,0SHORT SLEEVE 1PULL ON 2NA6 3REGULAR FIT 4PLAIN 2NA6 6V NECK 7UNLINED 8VISCOSE MIX 9NAVY 5JUMPSUITS 10.34
351,60199075,0SHORT SLEEVE 1PULL ON 2NA6 3REGULAR FIT 4PLAIN 2NA6 6V NECK 7UNLINED 8VISCOSE MIX 9NAVY 5JUMPSUITS 10.44
352,60203340,0LONG SLEEVE 1BUTTON FASTENING 2MIDI 3LOOSE FIT 4STRIPED 2MIDI 6COLLARED NECK 7UNLINED 8POLYESTER 9NAVY MIX 5SHIRT DRESS 14.0
353,60203340,0LONG SLEEVE 1BUTTON FASTENING 2MIDI 3LOOSE FIT 4STRIPED 2MIDI 6COLLARED NECK 7UNLINED 8POLYESTER 9NAVY MIX 5SHIRT DRESS 14.0
354,60207607,0LONG SLEEVE 1BACK ZIP FASTENING 2KNEE LENGTH 3NA3 4PLAIN 2KNEE LENGTH 6TURTLE NECK 7UNLINED 8SYNTHETIC 9CAMEL 5SHIFT DRESS 9.51
355,60207655,0SLEEVELESS 1PULL ON 2MAXI 3LOOSE FIT 4PLAIN 2MAXI 6V NECK 7UNLINED 8VISCOSE MIX 9FLAME 5SLIP DRESS 4.44
356,60207656,0SLEEVELESS 1PULL ON 2MAXI 3LOOSE FIT 4PLAIN 2MAXI 6V NECK 7UNLINED 8VISCOSE MIX 9BLACK 5SLIP DRESS 4.44
357,60209540,0SLEEVELESS 1NA12 2KNEE LENGTH 3NA3 4PLAIN 2KNEE LENGTH 6ROUND NECK 7UNLINED 8LINEN 9NAVY 5SHIFT DRESS 4.57
358,60209545,0SLEEVELESS 1NA12 2KNEE LENGTH 3NA3 4STRIPED 2KNEE LENGTH 6ROUND NECK 7LINED 8LINEN 9ORANGE MIX 5SHIFT DRESS 6.93
359,60209558,0SLEEVELESS 1NA12 2MAXI 3NA3 4FLORAL 2MAXI 6ROUND NECK 7UNLINED 8COTTON 9ORANGE MIX 5SLIP DRESS 4.49
360,60209559,0SLEEVELESS 1NA12 2KNEE LENGTH 3NA3 4PLAIN 2KNEE LENGTH 6ROUND NECK 7UNLINED 8LINEN 9CHAMBRAY 5SHIFT DRESS 5.04
361,60209561,0SLEEVELESS 1NA12 2KNEE LENGTH 3NA3 4PRINTED 2KNEE LENGTH 6ROUND NECK 7UNLINED 8LINEN 9ORANGE MIX 5SHIFT DRESS 4.93
362,60209578,0SHORT SLEEVE 1NA12 2MINI 3NA3 4CHECKED 2MINI 6ROUND NECK 7UNLINED 8LINEN 9OATMEAL MIX 5SHIFT DRESS 6.59
363,60209579,0SHORT SLEEVE 1BUTTON FASTENING 2MINI 3NA3 4PRINTED 2MINI 6ROUND NECK 7UNLINED 8LINEN 9IVORY MIX 5SHIRT DRESS 10.91
364,60209580,0SHORT SLEEVE 1BUTTON FASTENING 2MINI 3NA3 4PLAIN 2MINI 6ROUND NECK 7UNLINED 8LINEN 9KHAKI 5SHIRT DRESS 10.91
365,60209583,0SHORT SLEEVE 1BUTTON FASTENING 2MINI 3NA3 4STRIPED 2MINI 6ROUND NECK 7UNLINED 8LINEN 9OATMEAL MIX 5SHIFT DRESS 9.63
366,60209586,0SLEEVELESS 1NA12 2MAXI 3NA3 4PLAIN 2MAXI 6ROUND NECK 7UNLINED 8COTTON 9NAVY 5SLIP DRESS 3.64
367,60209587,0SLEEVELESS 1NA12 2MAXI 3NA3 4PLAIN 2MAXI 6ROUND NECK 7UNLINED 8COTTON 9BLACK 5WAISTED DRESS 3.64
368,60209589,0SLEEVELESS 1NA12 2MINI 3NA3 4PRINTED 2MINI 6ROUND NECK 7LINED 8LINEN 9IVORY MIX 5SHIFT DRESS 6.26
369,60209613,03 QUARTER SLEEVE 1NA12 2KNEE LENGTH 3NA3 4PLAIN 2KNEE LENGTH 6V NECK 7UNLINED 8SYNTHETIC 9BLACK 5SHIFT DRESS 4.86
370,60209614,03 QUARTER SLEEVE 1NA12 2MINI 3NA3 4PRINTED 2MINI 6V NECK 7UNLINED 8SYNTHETIC 9NAVY MIX 5SHIFT DRESS 5.3
371,60209615,03 QUARTER SLEEVE 1NA12 2KNEE LENGTH 3NA3 4PRINTED 2KNEE LENGTH 6V NECK 7UNLINED 8SYNTHETIC 9BLUE MIX 5SHIFT DRESS 5.3
372,60209738,0LONG SLEEVE 1BACK ZIP FASTENING 2MINI 3NA3 4PLAIN 2MINI 6ROUND NECK 7UNLINED 8VISCOSE 9BLACK 5FIT AND FLARE DRESS 9.27
373,60209756,0LONG SLEEVE 1BACK ZIP FASTENING 2KNEE LENGTH 3NA3 4PLAIN 2KNEE LENGTH 6ROUND NECK 7UNLINED 8VISCOSE 9BLACK 5SHIFT DRESS 7.43
374,60209759,0LONG SLEEVE 1BACK ZIP FASTENING 2KNEE LENGTH 3NA3 4POLKA DOT 2KNEE LENGTH 6ROUND NECK 7UNLINED 8VISCOSE 9NAVY MIX 5SHIFT DRESS 10.33
375,60209766,0LONG SLEEVE 1NA12 2MINI 3NA3 4PRINTED 2MINI 6ROUND NECK 7UNLINED 8VISCOSE 9RED MIX 5SWING DRESS 4.29
376,60209768,0SHORT SLEEVE 1NA12 2MIDI 3NA3 4STRIPED 2MIDI 6ROUND NECK 7UNLINED 8COTTON 9NAVY MIX 5SHIFT DRESS 5.01
377,60209769,0SHORT SLEEVE 1NA12 2KNEE LENGTH 3NA3 4PLAIN 2KNEE LENGTH 6ROUND NECK 7UNLINED 8VISCOSE 9BLACK 5T-SHIRT DRESS 5.01
378,60209776,0LONG SLEEVE 1NA12 2MINI 3NA3 4TEXTURED 2MINI 6HIGH NECK 7UNLINED 8SYNTHETIC 9NAVY MIX 5SHIFT DRESS 6.77
379,60209777,0LONG SLEEVE 1NA12 2MINI 3NA3 4TEXTURED 2MINI 6HIGH NECK 7UNLINED 8SYNTHETIC 9GREY MARL 5SHIFT DRESS 6.75
380,60209830,0LONG SLEEVE 1BACK BUTTON FASTENING 2MINI 3NA3 4PRINTED 2MINI 6ROUND NECK 7UNLINED 8VISCOSE 9NAVY MIX 5WAISTED DRESS 8.78
381,60209838,0LONG SLEEVE 1BACK BUTTON FASTENING 2MINI 3NA3 4FLORAL 2MINI 6ROUND NECK 7UNLINED 8VISCOSE 9BLACK MIX 5WAISTED DRESS 8.78
382,60209843,0LONG SLEEVE 1NA12 2KNEE LENGTH 3NA3 4POLKA DOT 2KNEE LENGTH 6V NECK 7UNLINED 8SYNTHETIC 9BLACK MIX 5FIT AND FLARE DRESS 9.76
383,60209861,0SHORT SLEEVE 1PULL ON 2KNEE LENGTH 3REGULAR FIT 4PLAIN 2KNEE LENGTH 6COLLARED NECK 7UNLINED 8COTTON 9CHAMRAY 5SHIFT DRESS 8.09
384,60209861,0SHORT SLEEVE 1NA12 2KNEE LENGTH 3NA3 4PLAIN 2KNEE LENGTH 6COLLARED NECK 7UNLINED 8COTTON 9CHAMBRAY 5SHIFT DRESS 8.09
385,60209863,0LONG SLEEVE 1NA12 2MINI 3NA3 4FLORAL 2MINI 6V NECK 7UNLINED 8VISCOSE 9NAVY MIX 5RELAXED DRESS 7.99
386,60209865,0SLEEVELESS 1NA12 2MAXI 3NA3 4STRIPED 2MAXI 6ROUND NECK 7UNLINED 8VISCOSE 9RED MIX 5SHIFT DRESS 6.8
387,60209868,0LONG SLEEVE 1BUTTON FASTENING 2MIDI 3NA3 4STRIPED 2MIDI 6ROUND NECK 7UNLINED 8VISCOSE 9YELLOW MIX 5SHIRT DRESS 9.93
388,60209869,0SHORT SLEEVE 1NA12 2MIDI 3NA3 4PRINTED 2MIDI 6OFF THE SHOULDER 7UNLINED 8VISCOSE 9BLUE MIX 5WAISTED DRESS 10.88
389,60210750,0LONG SLEEVE 1NA12 2MINI 3NA3 4PRINTED 2MINI 6ROUND NECK 7UNLINED 8VISCOSE 9NAVY MIX 5SWING DRESS 4.05
390,60210752,0LONG SLEEVE 1NA12 2KNEE LENGTH 3NA3 4PRINTED 2KNEE LENGTH 6ROUND NECK 7UNLINED 8VISCOSE 9BLUE MIX 5SWING DRESS 4.05
391,60210966,0SHORT SLEEVE 1NA12 2KNEE LENGTH 3NA3 4CHECKED 2KNEE LENGTH 6ROUND NECK 7UNLINED 8SYNTHETIC 9GREY MIX 5SHIFT DRESS 10.49
392,60210967,0SHORT SLEEVE 1NA12 2KNEE LENGTH 3NA3 4CHECKED 2KNEE LENGTH 6ROUND NECK 7UNLINED 8SYNTHETIC 9RED MIX 5SHIFT DRESS 10.49
393,60211624,0STRAPPY 1NA12 2MIDI 3NA3 4STRIPED 2MIDI 6ROUND NECK 7UNLINED 8COTTON 9BLUE MIX 5SLIP DRESS 10.85
394,60211625,0LONG SLEEVE 1BUTTON FASTENING 2MIDI 3NA3 4PLAIN 2MIDI 6COLLARED NECK 7UNLINED 8LINEN 9NAVY 5SHIRT DRESS 9.84
395,60211639,03 QUARTER SLEEVE 1NA12 2KNEE LENGTH 3NA3 4PLAIN 2KNEE LENGTH 6V NECK 7UNLINED 8SYNTHETIC 9RED 5SHIFT DRESS 4.42
396,60211645,0LONG SLEEVE 1BACK ZIP FASTENING 2MINI 3NA3 4PLAIN 2MINI 6ROUND NECK 7UNLINED 8VISCOSE 9COBALT 5FIT AND FLARE DRESS 9.27
397,60212076,0LONG SLEEVE 1NA12 2KNEE LENGTH 3NA3 4POLKA DOT 2KNEE LENGTH 6V NECK 7UNLINED 8SYNTHETIC 9BLACK MIX 5SWING DRESS 9.13
398,60212312,0LONG SLEEVE 1BUTTON FASTENING 2MAXI 3NA3 4PLAIN 2MAXI 6ROUND NECK 7UNLINED 8VISCOSE 9NAVY 5JUMPSUITS 12.94
399,60212322,0LONG SLEEVE 1BUTTON FASTENING 2MIDI 3NA3 4STRIPED 2MIDI 6ROUND NECK 7UNLINED 8VISCOSE 9GREY MIX 5SHIRT DRESS 16.09
400,60212352,0SHORT SLEEVE 1BACK BUTTON FASTENING 2MIDI 3NA3 4POLKA DOT 2MIDI 6ROUND NECK 7UNLINED 8VISCOSE 9BLACK MIX 5WAISTED DRESS 14.71
401,60212788,0SLEEVELESS 1NA12 2KNEE LENGTH 3NA3 4PLAIN 2KNEE LENGTH 6ROUND NECK 7UNLINED 8LINEN 9NAVY 5SHIFT DRESS 4.57
402,60212789,0SLEEVELESS 1NA12 2KNEE LENGTH 3NA3 4PLAIN 2KNEE LENGTH 6ROUND NECK 7UNLINED 8LINEN 9CHAMBRAY 5SHIFT DRESS 5.04
403,60212814,0LONG SLEEVE 1NA12 2KNEE LENGTH 3NA3 4TEXTURED 2KNEE LENGTH 6HIGH NECK 7UNLINED 8VISCOSE 9GREY MARL 5SHIFT DRESS 6.75
404,60212880,0SHORT SLEEVE 1NA12 2MAXI 3NA3 4PRINTED 2MAXI 6OFF THE SHOULDER 7UNLINED 8VISCOSE 9IVORY MIX 5WAISTED DRESS 10.88
405,60213592,03 QUARTER SLEEVE 1NA12 2KNEE LENGTH 3NA3 4PRINTED 2KNEE LENGTH 6V NECK 7UNLINED 8SYNTHETIC 9NAVY MIX 5SHIFT DRESS 5.3
406,60213596,03 QUARTER SLEEVE 1NA12 2KNEE LENGTH 3NA3 4PLAIN 2KNEE LENGTH 6V NECK 7UNLINED 8SYNTHETIC 9BLACK 5SHIFT DRESS 4.86
407,60213598,03 QUARTER SLEEVE 1NA12 2KNEE LENGTH 3NA3 4PLAIN 2KNEE LENGTH 6V NECK 7UNLINED 8SYNTHETIC 9BLACK 5SHIFT DRESS 4.86
408,60213603,0LONG SLEEVE 1BACK ZIP FASTENING 2MINI 3NA3 4PLAIN 2MINI 6ROUND NECK 7UNLINED 8VISCOSE 9COBALT 5FIT AND FLARE DRESS 9.1
409,60213607,0LONG SLEEVE 1NA12 2KNEE LENGTH 3NA3 4FLORAL 2KNEE LENGTH 6ROUND NECK 7UNLINED 8VISCOSE 9BLUE MIX 5SWING DRESS 4.05
410,60213656,0LONG SLEEVE 1NA12 2KNEE LENGTH 3NA3 4PLAIN 2KNEE LENGTH 6ROUND NECK 7UNLINED 8VISCOSE 9BLACK 5SWING DRESS 4.05
411,60213660,03 QUARTER SLEEVE 1NA12 2KNEE LENGTH 3NA3 4PRINTED 2KNEE LENGTH 6V NECK 7UNLINED 8SYNTHETIC 9NAVY MIX 5SHIFT DRESS 5.3
412,60213736,0SHORT SLEEVE 1NA12 2MAXI 3NA3 4PLAIN 2MAXI 6ROUND NECK 7UNLINED 8COTTON 9BRIGHT RED 5SHIFT DRESS 4.27
413,60213737,0SHORT SLEEVE 1NA12 2MAXI 3NA3 4PLAIN 2MAXI 6ROUND NECK 7UNLINED 8COTTON 9NAVY 5SHIFT DRESS 4.27
414,60213745,0LONG SLEEVE 1BUTTON FASTENING 2MIDI 3NA3 4PLAIN 2MIDI 6COLLARED NECK 7LINED 8LINEN 9SOFT WHITE 5SHIRT DRESS 12.07
415,60213746,0LONG SLEEVE 1BUTTON FASTENING 2MIDI 3NA3 4PLAIN 2MIDI 6COLLARED NECK 7LINED 8LINEN 9KHAKI 5SHIRT DRESS 9.84
416,60213775,0SLEEVELESS 1NA12 2MAXI 3NA3 4STRIPED 2MAXI 6ROUND NECK 7UNLINED 8VISCOSE 9BLUE MIX 5SLIP DRESS 6.79
417,60213858,0LONG SLEEVE 1NA12 2KNEE LENGTH 3NA3 4FLORAL 2KNEE LENGTH 6V NECK 7UNLINED 8VISCOSE 9NAVY MIX 5RELAXED DRESS 7.99
418,60214798,0SLEEVELESS 1NA12 2KNEE LENGTH 3NA3 4PLAIN 2KNEE LENGTH 6ROUND NECK 7UNLINED 8LINEN 9OATMEAL 5SHIFT DRESS 5.04
419,60215586,0SHORT SLEEVE 1BUTTON FASTENING 2MIDI 3NA3 4PLAIN 2MIDI 6ROUND NECK 7UNLINED 8LINEN 9KHAKI 5SHIFT DRESS 8.67
420,60215768,0SLEEVELESS 1NA12 2MAXI 3NA3 4STRIPED 2MAXI 6ROUND NECK 7UNLINED 8VISCOSE 9NAVY MIX 5SLIP DRESS 6.79
421,60215774,0SHORT SLEEVE 1NA12 2KNEE LENGTH 3NA3 4PLAIN 2KNEE LENGTH 6ROUND NECK 7UNLINED 8LINEN 9NAVY 5SHIFT DRESS 9.63
422,60215909,0SLEEVELESS 1NA12 2KNEE LENGTH 3NA3 4PLAIN 2KNEE LENGTH 6ROUND NECK 7UNLINED 8LINEN 9OATMEAL 5SHIFT DRESS 5.04
423,60215910,0SLEEVELESS 1NA12 2KNEE LENGTH 3NA3 4PLAIN 2KNEE LENGTH 6ROUND NECK 7UNLINED 8LINEN 9CHAMBRAY 5SHIFT DRESS 5.04
424,60215913,0SLEEVELESS 1NA12 2KNEE LENGTH 3NA3 4PLAIN 2KNEE LENGTH 6ROUND NECK 7UNLINED 8LINEN 9NAVY 5SHIFT DRESS 4.57
425,60215941,0SLEEVELESS 1NA12 2MAXI 3NA3 4PLAIN 2MAXI 6ROUND NECK 7UNLINED 8SYNTHETIC 9NAVY 5SWING DRESS 4.75
426,60216132,0STRAPPY 1BACK ZIP FASTENING 2MIDI 3NA3 4PLAIN 2MIDI 6V NECK 7LINED 8COTTON 9NAVY 5FIT AND FLARE DRESS 16.72
427,60216546,0SLEEVELESS 1NA12 2KNEE LENGTH 3NA3 4PLAIN 2KNEE LENGTH 6ROUND NECK 7UNLINED 8LINEN 9OATMEAL 5SHIFT DRESS 5.04
428,60216547,0SLEEVELESS 1NA12 2KNEE LENGTH 3NA3 4PLAIN 2KNEE LENGTH 6ROUND NECK 7UNLINED 8LINEN 9BLACK 5SHIFT DRESS 4.57
429,60219545,0LONG SLEEVE 1NA12 2MINI 3NA3 4POLKA DOT 2MINI 6ROUND NECK 7UNLINED 8VISCOSE 9NAVY MIX 5SWING DRESS 4.05
430,60222195,0SHORT SLEEVE 1BACK BUTTON FASTENING 2MIDI 3NA3 4ANIMAL PRINT 2MIDI 6ROUND NECK 7UNLINED 8VISCOSE 9YELLOW MIX 5WAISTED DRESS 12.02
431,60227532,0LONG SLEEVE 1BUTTON FASTENING 2MAXI 3NA3 4PLAIN 2MAXI 6ROUND NECK 7UNLINED 8VISCOSE 9RUST 5JUMPSUITS 15.69
432,60227895,0LONG SLEEVE 1BUTTON FASTENING 2MIDI 3NA3 4ANIMAL PRINT 2MIDI 6ROUND NECK 7UNLINED 8VISCOSE 9RED MIX 5RELAXED DRESS 17.85
433,60227947,0LONG SLEEVE 1BACK ZIP FASTENING 2KNEE LENGTH 3NA3 4PLAIN 2KNEE LENGTH 6TURTLE NECK 7UNLINED 8SYNTHETIC 9BLACK 5SHIFT DRESS 9.51
434,60228209,0STRAPPY 1NA12 2MIDI 3NA3 4ANIMAL PRINT 2MIDI 6NA8 7UNLINED 8VISCOSE 9RED MIX 5SLIP DRESS 10.59
435,60256299,0LONG SLEEVE 1BACK ZIP FASTENING 2KNEE LENGTH 3NA3 4PLAIN 2KNEE LENGTH 6ROUND NECK 7UNLINED 8VISCOSE 9COBALT 5FIT AND FLARE DRESS 9.1
436,60256304,0LONG SLEEVE 1BACK ZIP FASTENING 2KNEE LENGTH 3NA3 4PLAIN 2KNEE LENGTH 6ROUND NECK 7UNLINED 8VISCOSE 9BLACK 5FIT AND FLARE DRESS 9.1
437,60256757,0LONG SLEEVE 1BUTTON FASTENING 2KNEE LENGTH 3NA3 4PLAIN 2KNEE LENGTH 6V NECK 7UNLINED 8VISCOSE 9BLACK 5WRAP DRESS 7.65
438,60256805,0LONG SLEEVE 1NA12 2MINI 3NA3 4PLAIN 2MINI 6V NECK 7UNLINED 8SYNTHETIC 9RED 5FIT AND FLARE DRESS 9.76
439,60256949,03 QUARTER SLEEVE 1NA12 2MINI 3NA3 4PLAIN 2MINI 6ROUND NECK 7UNLINED 8VISCOSE 9BLACK 5BODYCON DRESS 5.25
440,60256950,0SHORT SLEEVE 1BACK BUTTON FASTENING 2MIDI 3NA3 4STRIPED 2MIDI 6HIGH NECK 7UNLINED 8VISCOSE 9BLACK MIX 5SHIFT DRESS 14.8
441,60256951,03 QUARTER SLEEVE 1BACK ZIP FASTENING 2MINI 3NA3 4FLORAL 2MINI 6ROUND NECK 7LINED 8SYNTHETIC 9BLACK MIX 5WAISTED DRESS 14.56
442,60256959,0SHORT SLEEVE 1BACK BUTTON FASTENING 2FULL LENGTH 3NA3 4PRINTED 2FULL LENGTH 6V NECK 7UNLINED 8VISCOSE 9BLACK MIX 5JUMPSUITS 13.09
443,60256966,03 QUARTER SLEEVE 1NA12 2MINI 3NA3 4STRIPED 2MINI 6ROUND NECK 7UNLINED 8VISCOSE 9NAVY MIX 5BODYCON DRESS 7.58
444,60256967,0SHORT SLEEVE 1BACK BUTTON FASTENING 2MIDI 3NA3 4ANIMAL PRINT 2MIDI 6HIGH NECK 7UNLINED 8VISCOSE 9RED MIX 5SHIFT DRESS 14.8
445,60256992,03 QUARTER SLEEVE 1BACK BUTTON FASTENING 2MIDI 3NA3 4FLORAL 2MIDI 6HIGH NECK 7LINED 8SYNTHETIC 9BLACK MIX 5WAISTED DRESS 21.85
446,60256993,0LONG SLEEVE 1BUTTON FASTENING 2MIDI 3NA3 4PRINTED 2MIDI 6COLLARED NECK 7UNLINED 8VISCOSE 9NAVY MIX 5SHIRT DRESS 15.12
447,60256994,0LONG SLEEVE 1BUTTON FASTENING 2FULL LENGTH 3NA3 4PRINTED 2FULL LENGTH 6COLLARED NECK 7UNLINED 8VISCOSE 9NAVY MIX 5JUMPSUITS 17.57
448,60257002,03 QUARTER SLEEVE 1NA12 2MINI 3NA3 4PLAIN 2MINI 6V NECK 7UNLINED 8VISCOSE 9BLACK 5RELAXED DRESS 13.9
449,60257012,0LONG SLEEVE 1BUTTON FASTENING 2KNEE LENGTH 3NA3 4POLKA DOT 2KNEE LENGTH 6V NECK 7UNLINED 8VISCOSE 9TERRACOTTA MIX 5SHIRT DRESS 13.19
450,60257019,0LONG SLEEVE 1BUTTON FASTENING 2MIDI 3NA3 4ANIMAL PRINT 2MIDI 6COLLARED NECK 7UNLINED 8VISCOSE 9LIGHT TAN MIX 5SHIRT DRESS 14.49
451,60257028,0LONG SLEEVE 1BACK ZIP FASTENING 2MIDI 3NA3 4ANIMAL PRINT 2MIDI 6ROUND NECK 7UNLINED 8VISCOSE 9LIGHT GREY MIX 5FIT AND FLARE DRESS 14.05
452,60257032,0LONG SLEEVE 1BUTTON FASTENING 2MIDI 3NA3 4PLAIN 2MIDI 6COLLARED NECK 7LINED 8VISCOSE 9RED 5SHIRT DRESS 17.06
453,60257033,0LONG SLEEVE 1BUTTON FASTENING 2MIDI 3NA3 4PLAIN 2MIDI 6COLLARED NECK 7LINED 8VISCOSE 9BLACK 5SHIRT DRESS 17.06
454,60257285,0LONG SLEEVE 1NA12 2KNEE LENGTH 3NA3 4FLORAL 2KNEE LENGTH 6ROUND NECK 7UNLINED 8VISCOSE 9YELLOW MIX 5RELAXED DRESS 9.6
455,60257329,03 QUARTER SLEEVE 1BUTTON FASTENING 2KNEE LENGTH 3NA3 4STRIPED 2KNEE LENGTH 6COLLARED NECK 7UNLINED 8VISCOSE 9NAVY MIX 5SHIRT DRESS 14.15
456,60257436,0LONG SLEEVE 1BUTTON FASTENING 2MIDI 3NA3 4FLORAL 2MIDI 6V NECK 7UNLINED 8VISCOSE 9BLACK MIX 5WAISTED DRESS 13.52
457,60257437,0STRAPPY 1BACK ZIP FASTENING 2MIDI 3NA3 4PLAIN 2MIDI 6V NECK 7LINED 8COTTON 9BRIGHT ORANGE 5FIT AND FLARE DRESS 16.72
458,60257442,0SHORT SLEEVE 1NA12 2KNEE LENGTH 3NA3 4PLAIN 2KNEE LENGTH 6ROUND NECK 7UNLINED 8COTTON 9GREY MARL 5SHIFT DRESS 6.78
459,60257443,0SHORT SLEEVE 1NA12 2MIDI 3NA3 4STRIPED 2MIDI 6HIGH NECK 7UNLINED 8VISCOSE 9BLACK MIX 5SHIFT DRESS 7.17
460,60257444,0SHORT SLEEVE 1NA12 2KNEE LENGTH 3NA3 4ANIMAL PRINT 2KNEE LENGTH 6ROUND NECK 7UNLINED 8SYNTHETIC 9BROWN MIX 5SHIFT DRESS 5.85
461,60257471,0LONG SLEEVE 1BUTTON FASTENING 2MIDI 3NA3 4FLORAL 2MIDI 6ROUND NECK 7UNLINED 8VISCOSE 9TERRACOTTA MIX 5WAISTED DRESS 13.52
462,60257482,0LONG SLEEVE 1BACK BUTTON FASTENING 2MINI 3NA3 4EMBROIDERED 2MINI 6ROUND NECK 7LINED 8VISCOSE 9BLACK 5RELAXED DRESS 11.93
463,60257483,0LONG SLEEVE 1BACK BUTTON FASTENING 2MINI 3NA3 4EMBROIDERED 2MINI 6ROUND NECK 7LINED 8VISCOSE 9OCHRE 5RELAXED DRESS 11.93
464,60257981,0LONG SLEEVE 1BUTTON FASTENING 2MIDI 3NA3 4FLORAL 2MIDI 6ROUND NECK 7UNLINED 8VISCOSE 9BLACK MIX 5WAISTED DRESS 13.52
465,60258115,03 QUARTER SLEEVE 1BUTTON FASTENING 2KNEE LENGTH 3NA3 4STRIPED 2KNEE LENGTH 6COLLARED NECK 7UNLINED 8VISCOSE 9YELLOW MIX 5SHIRT DRESS 14.14
466,60258247,0LONG SLEEVE 1NA12 2MIDI 3NA3 4FLORAL 2MIDI 6V NECK 7UNLINED 8VISCOSE 9BLACK MIX 5RELAXED DRESS 9.6
467,60258514,0SHORT SLEEVE 1NA12 2MIDI 3NA3 4ANIMAL PRINT 2MIDI 6HIGH NECK 7UNLINED 8COTTON 9GREY MIX 5SHIFT DRESS 7.58
468,60258573,03 QUARTER SLEEVE 1NA12 2MINI 3NA3 4STRIPED 2MINI 6ROUND NECK 7UNLINED 8VISCOSE 9NAVY MIX 5BODYCON DRESS 7.58
469,60258605,0LONG SLEEVE 1BACK ZIP FASTENING 2KNEE LENGTH 3NA3 4PLAIN 2KNEE LENGTH 6TURTLE NECK 7UNLINED 8SYNTHETIC 9RED 5SHIFT DRESS 9.51
470,60258647,0STRAPPY 1BUTTON FASTENING 2MIDI 3NA3 4PLAIN 2MIDI 6SQUARE NECK 7UNLINED 8DENIM 9DENIM 5BODYCON DRESS 14.34
471,60258652,0LONG SLEEVE 1NA12 2MINI 3NA3 4PLAIN 2MINI 6COLLARED NECK 7UNLINED 8COTTON 9DENIM 5SHIRT DRESS 16.93
472,60258654,0LONG SLEEVE 1BUTTON FASTENING 2MIDI 3NA3 4PLAIN 2MIDI 6COLLARED NECK 7UNLINED 8COTTON 9DENIM 5SHIRT DRESS 15.26
473,60258655,0LONG SLEEVE 1ZIP FASTENING 2FULL LENGTH 3NA3 4PLAIN 2FULL LENGTH 6COLLARED NECK 7UNLINED 8COTTON 9INDIGO 5JUMPSUITS 18.43
474,60258937,0LONG SLEEVE 1NA12 2MIDI 3NA3 4PLAIN 2MIDI 6ROUND NECK 7UNLINED 8VISCOSE 9NAVY 5SWING DRESS 4.77
475,60258938,0LONG SLEEVE 1NA12 2MIDI 3NA3 4PLAIN 2MIDI 6ROUND NECK 7UNLINED 8VISCOSE 9GREY MARL 5SWING DRESS 4.77
476,60259261,0LONG SLEEVE 1BACK ZIP FASTENING 2MIDI 3NA3 4PLAIN 2MIDI 6ROUND NECK 7UNLINED 8VISCOSE 9BRIGHT RED 5FIT AND FLARE DRESS 12.47
477,60259427,0SLEEVELESS 1BACK ZIP FASTENING 2FULL LENGTH 3NA3 4PLAIN 2FULL LENGTH 6V NECK 7UNLINED 8SYNTHETIC 9NAVY 5JUMPSUITS 18.94
478,60259974,0LONG SLEEVE 1BACK ZIP FASTENING 2KNEE LENGTH 3NA3 4PLAIN 2KNEE LENGTH 6TURTLE NECK 7UNLINED 8SYNTHETIC 9BRANDY 5SHIFT DRESS 9.51
479,60260267,03 QUARTER SLEEVE 1BACK ZIP FASTENING 2KNEE LENGTH 3NA3 4PLAIN 2KNEE LENGTH 6ROUND NECK 7UNLINED 8SYNTHETIC 9BLACK 5SHIFT DRESS 12.68
480,60260624,0SHORT SLEEVE 1BACK BUTTON FASTENING 2FULL LENGTH 3NA3 4ANIMAL PRINT 2FULL LENGTH 6V NECK 7UNLINED 8VISCOSE 9KHAKI MIX 5JUMPSUITS 13.09
481,60260628,0LONG SLEEVE 1NA12 2MIDI 3NA3 4ANIMAL PRINT 2MIDI 6SLASH NECK 7UNLINED 8VISCOSE 9TERRACOTTA MIX 5WAISTED DRESS 12.68
482,60260667,0LONG SLEEVE 1NA12 2MIDI 3NA3 4ANIMAL PRINT 2MIDI 6SLASH NECK 7UNLINED 8VISCOSE 9YELLOW MIX 5WAISTED DRESS 12.68
483,60260881,03 QUARTER SLEEVE 1NA12 2KNEE LENGTH 3NA3 4PLAIN 2KNEE LENGTH 6V NECK 7UNLINED 8SYNTHETIC 9BLACK 5SHIFT DRESS 13.19
484,60261334,0LONG SLEEVE 1NA12 2MIDI 3NA3 4PRINTED 2MIDI 6V NECK 7UNLINED 8VISCOSE 9YELLOW MIX 5RELAXED DRESS 14.46
485,60261347,03 QUARTER SLEEVE 1NA12 2MINI 3NA3 4POLKA DOT 2MINI 6ROUND NECK 7UNLINED 8VISCOSE 9NAVY MIX 5BODYCON DRESS 6.22
486,60261348,0LONG SLEEVE 1BACK ZIP FASTENING 2MINI 3NA3 4CHECKED 2MINI 6ROUND NECK 7UNLINED 8VISCOSE 9BLUE MIX 5FIT AND FLARE DRESS 11.89
487,60261349,0SHORT SLEEVE 1BACK ZIP FASTENING 2MINI 3NA3 4ANIMAL PRINT 2MINI 6HIGH NECK 7UNLINED 8VISCOSE 9MULTI 5SHIFT DRESS 9.18
488,60261716,0LONG SLEEVE 1BUTTON FASTENING 2MIDI 3NA3 4ANIMAL PRINT 2MIDI 6V NECK 7UNLINED 8VISCOSE 9NATURAL MIX 5RELAXED DRESS 15.12
489,60261799,0LONG SLEEVE 1BACK ZIP FASTENING 2KNEE LENGTH 3NA3 4PLAIN 2KNEE LENGTH 6ROUND NECK 7UNLINED 8SYNTHETIC 9COBALT 5SHIFT DRESS 11.79
490,60261803,0LONG SLEEVE 1NA12 2MIDI 3NA3 4FLORAL 2MIDI 6SQUARE NECK 7UNLINED 8VISCOSE 9TERRACOTTA MIX 5WAISTED DRESS 16.75
491,60261918,0LONG SLEEVE 1NA12 2MINI 3NA3 4ANIMAL PRINT 2MINI 6HIGH NECK 7UNLINED 8VISCOSE 9RED MIX 5SWING DRESS 7.03
492,60263145,03 QUARTER SLEEVE 1NA12 2MINI 3NA3 4PLAIN 2MINI 6ROUND NECK 7UNLINED 8VISCOSE 9BLACK 5BODYCON DRESS 5.24
493,60263158,03 QUARTER SLEEVE 1NA12 2MINI 3NA3 4POLKA DOT 2MINI 6ROUND NECK 7UNLINED 8VISCOSE 9NAVY MIX 5BODYCON DRESS 6.21
494,60263253,03 QUARTER SLEEVE 1BACK BUTTON FASTENING 2MIDI 3NA3 4FLORAL 2MIDI 6HIGH NECK 7LINED 8SYNTHETIC 9BLACK MIX 5WAISTED DRESS 21.85
495,60263255,0LONG SLEEVE 1BUTTON FASTENING 2MIDI 3NA3 4PRINTED 2MIDI 6COLLARED NECK 7UNLINED 8VISCOSE 9NAVY MIX 5SHIRT DRESS 15.16
496,60263269,0LONG SLEEVE 1BUTTON FASTENING 2MIDI 3NA3 4PLAIN 2MIDI 6COLLARED NECK 7UNLINED 8VISCOSE 9BLACK 5SHIRT DRESS 17.06
497,60263274,0LONG SLEEVE 1BUTTON FASTENING 2MIDI 3NA3 4PLAIN 2MIDI 6COLLARED NECK 7UNLINED 8VISCOSE 9RED 5SHIRT DRESS 17.06
498,60263276,0LONG SLEEVE 1BACK ZIP FASTENING 2MIDI 3NA3 4ANIMAL PRINT 2MIDI 6ROUND NECK 7UNLINED 8VISCOSE 9LIGHT GREY MIX 5FIT AND FLARE DRESS 14.05
499,60263304,0LONG SLEEVE 1BACK ZIP FASTENING 2MIDI 3NA3 4PLAIN 2MIDI 6ROUND NECK 7UNLINED 8VISCOSE 9BRIGHT RED 5FIT AND FLARE DRESS 12.47
500,60263309,0LONG SLEEVE 1BUTTON FASTENING 2MIDI 3NA3 4ANIMAL PRINT 2MIDI 6V NECK 7UNLINED 8VISCOSE 9LIGHT TAN MIX 5WRAP DRESS 16.55
501,60263547,0LONG SLEEVE 1BACK ZIP FASTENING 2MINI 3NA3 4TEXTURED 2MINI 6ROUND NECK 7UNLINED 8VISCOSE 9MULTI 5FIT AND FLARE DRESS 9.89
502,60263634,0SHORT SLEEVE 1BACK BUTTON FASTENING 2FULL LENGTH 3NA3 4ANIMAL PRINT 2FULL LENGTH 6ROUND NECK 7UNLINED 8VISCOSE 9YELLOW MIX 5JUMPSUITS 13.09
503,60265340,0SLEEVELESS 1BACK BUTTON FASTENING 2FULL LENGTH 3NA3 4PLAIN 2FULL LENGTH 6ROUND NECK 7LINED 8SYNTHETIC 9BLACK 5JUMPSUITS 17.92
504,60265354,0SLEEVELESS 1BACK BUTTON FASTENING 2FULL LENGTH 3NA3 4PLAIN 2FULL LENGTH 6ROUND NECK 7UNLINED 8SYNTHETIC 9BLACK 5JUMPSUITS 16.39
505,60265832,0LONG SLEEVE 1BACK ZIP FASTENING 2KNEE LENGTH 3NA3 4PLAIN 2KNEE LENGTH 6ROUND NECK 7UNLINED 8SYNTHETIC 9BLACK 5SHIFT DRESS 11.79
506,60266281,0LONG SLEEVE 1BACK BUTTON FASTENING 2MIDI 3NA3 4FLORAL 2MIDI 6ROUND NECK 7UNLINED 8VISCOSE 9BLUE MIX 5WAISTED DRESS 15.65
507,60266382,0LONG SLEEVE 1NA12 2MIDI 3NA3 4FLORAL 2MIDI 6V NECK 7UNLINED 8VISCOSE 9BLACK MIX 5FIT AND FLARE DRESS 14.42
508,60266544,0LONG SLEEVE 1BUTTON FASTENING 2FULL LENGTH 3NA3 4FLORAL 2FULL LENGTH 6COLLARED NECK 7UNLINED 8VISCOSE 9BLACK MIX 5JUMPSUITS 18.6
509,60268881,0LONG SLEEVE 1NA12 2KNEE LENGTH 3NA3 4PRINTED 2KNEE LENGTH 6V NECK 7UNLINED 8VISCOSE 9NAVY MIX 5WAISTED DRESS 12.56
510,60268900,0LONG SLEEVE 1BACK BUTTON FASTENING 2FULL LENGTH 3NA3 4PRINTED 2FULL LENGTH 6V NECK 7UNLINED 8VISCOSE 9NAVY MIX 5JUMPSUITS 15.87
511,60268923,0SLEEVELESS 1BACK BUTTON FASTENING 2MIDI 3NA3 4PLAIN 2MIDI 6HALTER NECK 7UNLINED 8VISCOSE 9DARK NAVY 5WAISTED DRESS 11.54
512,60269981,0SLEEVELESS 1BACK BUTTON FASTENING 2MIDI 3NA3 4PRINTED 2MIDI 6ROUND NECK 7UNLINED 8VISCOSE 9NAVY MIX 5WAISTED DRESS 13.83
513,60270211,0LONG SLEEVE 1BACK BUTTON FASTENING 2MIDI 3NA3 4PLAIN 2MIDI 6ROUND NECK 7UNLINED 8VISCOSE 9NAVY 5RELAXED DRESS 14.22
514,60270654,0LONG SLEEVE 1BUTTON FASTENING 2MIDI 3NA3 4FLORAL 2MIDI 6COLLARED NECK 7UNLINED 8VISCOSE 9BLACK MIX 5RELAXED DRESS 15.75
515,60270655,0SHORT SLEEVE 1NA12 2MIDI 3NA3 4FLORAL 2MIDI 6V NECK 7UNLINED 8VISCOSE 9BLACK MIX 5RELAXED DRESS 15.34
516,60271191,0LONG SLEEVE 1BUTTON FASTENING 2MIDI 3NA3 4STRIPED 2MIDI 6ROUND NECK 7UNLINED 8VISCOSE 9NAVY MIX 5RELAXED DRESS 16.67
